,Topic,Time Queried,Title,Video IDs,Published At,Duration,View Count,Like Count
0,OperatingSystem,2022-07-12 12:57:57.523407,Operating Systems: Crash Course Computer Science #18,26QPDBe-NB8,2017-06-28T21:13:17Z,PT13M36S,1157544,20606
1,OperatingSystem,2022-07-12 12:57:57.523417,What is an Operating System as Fast As Possible,pVzRTmdd9j0,2015-05-22T20:46:16Z,PT5M16S,516420,10924
2,OperatingSystem,2022-07-12 12:57:57.523421,Operating System Full Course | Operating System Tutorials for Beginners,mXw9ruZaxzQ,2019-08-30T15:47:26Z,PT3H35M3S,1591019,7594
3,OperatingSystem,2022-07-12 12:57:57.523424,Computer Basics: Understanding Operating Systems,fkGCLIQx1MI,2020-09-01T14:06:19Z,PT1M31S,495186,3261
4,OperatingSystem,2022-07-12 12:57:57.523428,Operating System Basics,9GDX-IyZ_C8,2013-10-11T03:54:06Z,PT23M16S,554991,7942
5,OperatingSystem,2022-07-12 12:57:57.523431,Introduction to Operating System,vBURTt97EkA,2017-08-02T15:30:02Z,PT16M45S,1593869,19577
6,OperatingSystem,2022-07-12 12:57:57.523435,Operating System Structure,fvN98a_7AT4,2018-02-27T01:30:00Z,PT12M17S,275556,3443
7,OperatingSystem,2022-07-12 12:57:57.523438,Functions of an Operating System (What is an operating system?),ZZK8ETiYrpY,2020-05-13T22:05:10Z,PT7M29S,17845,218
8,OperatingSystem,2022-07-12 12:57:57.523442,Build Your Own Operating System,YbXHU7W7Its,2021-01-29T13:15:01Z,PT30M,422828,13374
9,OperatingSystem,2022-07-12 12:57:57.523446,Linux Operating System - Crash Course for Beginners,ROjZy1WbCIA,2022-02-23T13:43:25Z,PT2H47M56S,435711,10492
10,OperatingSystem,2022-07-12 12:57:57.523465,How To Make An Operating System,6MJUGVFAXKg,2010-08-03T03:25:09Z,PT8M31S,1841372,23049
11,OperatingSystem,2022-07-12 12:57:57.523476,Operating system for beginners || Operating system basics,6-mdtMKfEYM,2021-02-14T14:35:13Z,PT23M36S,61106,1160
12,OperatingSystem,2022-07-12 12:57:57.523480,introduction to operating system and its Functions | Operating System,RozoeWzT7IM,2019-03-16T19:08:44Z,PT23M56S,732603,13210
13,OperatingSystem,2022-07-12 12:57:57.523484,What Operating System is the Best,iADaZX8dQk4,2021-08-14T13:15:01Z,PT16M4S,38172,1434
14,OperatingSystem,2022-07-12 12:57:57.523487,What is Operating System? full Explanation | Introduction to operating system,_NEJVgiGp8Q,2020-12-11T07:04:14Z,PT8M19S,869382,20894
15,OperatingSystem,2022-07-12 12:57:57.523490,Microsoft MTA Exam 98-349 - Windows Operating System Fundamentals | Complete Workbook |,C8U1v4lU-gg,2021-12-10T05:02:45Z,PT2H27M25S,12006,-1
16,OperatingSystem,2022-07-12 12:57:57.523494,What is an Operating System (OS)?,RhHMgkUdhdk,2020-03-10T14:00:11Z,PT1M38S,49667,466
17,OperatingSystem,2022-07-12 12:57:57.523497,Operating System Design &amp; Implementation,t_McsJ1RGQg,2018-04-19T14:45:01Z,PT13M16S,119587,1683
18,OperatingSystem,2022-07-12 12:57:57.523501,Linux Tutorial for Beginners: Introduction to Linux Operating System,V1y-mbWM3B8,2017-04-15T11:40:40Z,PT2H29M5S,2979274,24359
19,OperatingSystem,2022-07-12 12:57:57.523504,Operating System,kRPE2T1cuOo,2018-01-17T13:03:23Z,PT4M24S,143379,1720
20,OperatingSystem,2022-07-12 12:57:57.523507,I Used The Russian Military Operating System...,ZfBM5plK4a8,2021-08-17T23:13:46Z,PT16M52S,342917,22407
21,OperatingSystem,2022-07-12 12:57:57.523511,Introduction to RTOS Part 1 - What is a Real-Time Operating System (RTOS)? | Digi-Key Electronics,F321087yYy4,2021-01-04T14:00:03Z,PT11M34S,523246,11547
22,OperatingSystem,2022-07-12 12:57:57.523514,How to Fix Operating System Not Found in Windows (No Bootable Device),Kuah6gYqT2I,2019-02-28T11:16:57Z,PT7M59S,857614,7310
23,OperatingSystem,2022-07-12 12:57:57.523518,Which Operating System Should You Choose,9zpE93Ov4Qg,2020-06-22T13:15:00Z,PT10M24S,54266,1870
24,OperatingSystem,2022-07-12 12:57:57.523522,AT&amp;T Archives: The UNIX Operating System,tc4ROCJYbm0,2012-02-22T15:41:41Z,PT27M27S,1458595,35899
25,OperatingSystem,2022-07-12 12:57:57.523527,"Introduction, Definition, Functions, History, Types, Examples of Operating System",NAOyOHdlySA,2020-10-08T07:08:55Z,PT29M14S,61694,847
26,OperatingSystem,2022-07-12 12:57:57.523530,Evolution Of Windows Operating System (1985 - 2021),vRuGPzdLbyQ,2021-02-09T06:32:12Z,PT13M17S,1552339,14778
27,OperatingSystem,2022-07-12 12:57:57.523534,Is It Time to Rewrite the Operating System in Rust?,HgtRAbE1nBM,2019-02-25T09:03:23Z,PT1H9M18S,270355,5462
28,OperatingSystem,2022-07-12 12:57:57.523537,Operating System Services,TQWERtMoKbI,2018-03-05T16:00:11Z,PT13M17S,228451,3804
29,OperatingSystem,2022-07-12 12:57:57.523540,How to Fix Operating System Not Found - Missing Operating System [Tutorial],vYbnTpUCPmw,2017-06-11T13:00:06Z,PT8M20S,313806,1785
30,OperatingSystem,2022-07-12 12:57:57.523544,5 Operating System Concepts You Should Know As a Developer | GeeksforGeeks,pQCa60f2dIY,2021-06-27T15:00:34Z,PT5M28S,21350,349
31,OperatingSystem,2022-07-12 12:57:57.523547,Lecture 1: What is an Operating System ?,a1l4MceYHaQ,2022-01-16T11:56:17Z,PT18M38S,109558,5778
32,OperatingSystem,2022-07-12 12:57:57.523550,Lec-8: Protection &amp; Security in Operating system | Full OS playlist,DKb7KhfoZmU,2020-08-26T06:03:47Z,PT20M54S,130260,3336
33,OperatingSystem,2022-07-12 12:57:57.523554,L-5.1: Memory Management and Degree of Multiprogramming | Operating System,eESIFJz7mJw,2018-03-21T08:45:37Z,PT23M41S,543377,12251
34,OperatingSystem,2022-07-12 12:57:57.523557,L-1.1: Introduction to Operating System and its Functions with English Subtitles,WJ-UaAaumNA,2018-07-26T07:55:34Z,PT18M59S,2000945,56302
35,OperatingSystem,2022-07-12 12:57:57.523562,Snowden recommends THIS operating system: Tails,njmhwz1R-Xg,2021-10-27T16:45:03Z,PT9M46S,131470,5533
36,OperatingSystem,2022-07-12 12:57:57.523565,L-4.1: DEADLOCK concept | Example | Necessary condition | Operating System,rWFH6PLOIEI,2018-03-14T06:29:47Z,PT12M21S,787405,16223
37,OperatingSystem,2022-07-12 12:57:57.523569,L-1.7: System Calls in Operating system and its types in Hindi,tWPa-rZiGM8,2018-12-20T06:48:27Z,PT10M7S,638965,11047
38,OperatingSystem,2022-07-12 12:57:57.523572,"L4: Multiprocessing Operating System with Types, Advantages, Disadvantages | Types of OS",vWWu3ixtPRU,2022-03-31T14:02:20Z,PT4M42S,2541,38
39,OperatingSystem,2022-07-12 12:57:57.523575,Interrupts in operating system -IN Tamil,Z8AYjklbiB8,2021-12-07T04:47:59Z,PT13M8S,6896,184
40,OperatingSystem,2022-07-12 12:57:57.523579,"L-1.5: Process States in Operating System| Schedulers(Long term,Short term,Medium term)",2dJdHMpCLIg,2020-02-16T17:07:03Z,PT20M54S,687473,18118
41,OperatingSystem,2022-07-12 12:57:57.523582,Deadlock in Operating System | GeeksforGeeks,onkWXaXAgbY,2021-06-03T15:05:05Z,PT4M33S,34196,281
42,OperatingSystem,2022-07-12 12:57:57.523586,How To Fix - Lenovo Computer Error 1962 / No Operating System Found Error - No HDD,2-WDntT-5L8,2020-12-14T15:00:13Z,PT10M44S,63077,693
43,OperatingSystem,2022-07-12 12:57:57.523589,The operating system of life - George Zaidan and Charles Morton,JufLDxmCwB0,2013-11-11T16:06:53Z,PT4M1S,388289,6795
44,OperatingSystem,2022-07-12 12:57:57.523592,L-1.11: Process Vs Threads in Operating System,ITc09gOrqZk,2018-12-21T07:25:31Z,PT11M17S,667314,17986
45,OperatingSystem,2022-07-12 12:57:57.523596,Operating System Examples,JqmrEVJUyss,2015-02-23T19:09:20Z,PT2M37S,20994,132
46,OperatingSystem,2022-07-12 12:57:57.523600,CPU Scheduling in Operating System | Process Scheduling algorithms | Hindi | Easy Explanation,9pdVk1buyv0,2021-03-14T04:32:34Z,PT12M24S,46909,1080
47,OperatingSystem,2022-07-12 12:57:57.523604,Using Python to Interact with the Operating System Week 1| coursera,pDPY9m9r2LM,2020-07-06T00:23:54Z,PT24M50S,17109,212
48,OperatingSystem,2022-07-12 12:57:57.523608,How To Fix A HP With An Operating System Not Found Problem,eaHpU4CQj2g,2020-05-16T16:10:14Z,PT3M12S,22448,170
49,OperatingSystem,2022-07-12 12:57:57.523611,What is a Thread | Concept of Process and Thread | Operating System,RDr7xCunN80,2020-03-26T13:39:43Z,PT9M18S,8563,187
50,Microbiology,2022-07-12 12:58:00.563124,L-5.2: Memory management  Techniques | Contiguous and non-Contiguous | Operating System,FrTttJLN7Kw,2018-03-22T04:45:21Z,PT11M46S,450535,10818
51,Microbiology,2022-07-12 12:58:00.563135,How to Disable Choose an operating system at start up on windows 10 &amp; 11,9PM8x_p5lFg,2019-11-05T14:51:56Z,PT1M45S,191421,2966
52,Microbiology,2022-07-12 12:58:00.563137,Portable OS on a Flash Drive! - Bootable Android Operating System,WewmXdrugYg,2017-06-18T20:16:47Z,PT3M42S,314306,3497
53,Microbiology,2022-07-12 12:58:00.563139,How To Fix A Dell With An Operating System Not found Or Operating System Missing Problem,FMmXEcZ0Wx4,2019-12-21T01:01:32Z,PT4M22S,23413,202
54,Microbiology,2022-07-12 12:58:00.563140,My Notion Life Operating System Overview,4-TYSah25UM,2020-03-11T17:19:09Z,PT33M35S,262784,6822
55,Microbiology,2022-07-12 12:58:00.563142,L-5.22: Page Replacement Introduction | FIFO Page Replacement algorithm | Operating System,8rcUs5RutX0,2018-04-13T08:24:46Z,PT16M7S,582778,12270
56,Microbiology,2022-07-12 12:58:00.563143,"L-3.8: Semaphores | Wait, Signal Operation | Counting Semaphore | Example| Operating system",eoGkJWgxurQ,2018-02-28T09:25:35Z,PT24M42S,587247,14276
57,Microbiology,2022-07-12 12:58:00.563145,Warzone - Windows 7 operating system not supported (2022 FIXED 100%),r_KxmGqbvAs,2022-02-21T18:05:47Z,PT10M59S,4417,107
58,Microbiology,2022-07-12 12:58:00.563147,"Introduction to Linux Operating System, Distributions, Architecture, Advantages &amp; Disadvantages",_NyiRPuKn6o,2020-10-03T09:15:12Z,PT18M47S,10599,225
59,Microbiology,2022-07-12 12:58:00.563149,Boot Device Not Found | please install an operating system on your hard disk | Hard Disk 3FO | HP,PkgrKQPkLos,2020-03-01T05:16:05Z,PT4M23S,678650,8625
60,Microbiology,2022-07-12 12:58:00.563150,How to Check Full Operating System Information in Windows PC,apIzsvG8NxU,2016-11-24T10:21:54Z,PT1M48S,107468,723
61,Microbiology,2022-07-12 12:58:00.563152,Write Your Own 64-bit Operating System Kernel #1 - Boot code and multiboot header,FkrpUaGThTQ,2020-09-20T17:17:33Z,PT15M46S,489041,18103
62,Microbiology,2022-07-12 12:58:00.563153,How To Fixed Computer Error Loading Operating System Problem In Windows 7 Or Windows 10,lwQebY90LK0,2021-08-25T12:10:48Z,PT3M36S,31891,329
63,Microbiology,2022-07-12 12:58:00.563155,[solved] OPERATING SYSTEM NOT FOUND (USB3),pqmKPZcCtyI,2019-10-22T08:30:01Z,PT2M33S,57440,665
64,Microbiology,2022-07-12 12:58:00.563156,"Boot Device Not Found, Hard Disk - (3F0) | Please install an operating system on your hard disk, HP",9W3FqaJGtPU,2020-12-09T11:32:43Z,PT5M10S,290203,3463
65,Microbiology,2022-07-12 12:58:00.563158,"Types of Operating System | Batch, Real-time, Distributed, Network, Time-sharing Operating System",Ij71sDmmKpc,2021-03-16T03:56:18Z,PT18M19S,533892,14312
66,Microbiology,2022-07-12 12:58:00.563159,1.3 #BatchOperatingSystem #BatchProcessing Operating System in Hindi,VtqPyXDaMr4,2018-04-18T05:52:37Z,PT17M14S,380696,6090
67,Microbiology,2022-07-12 12:58:00.563161,L-1.12: User Level Vs Kernel Level Thread in Operating System | All Imp Points,-NONm-Jq34Y,2018-12-28T06:30:01Z,PT8M29S,368828,8337
68,Microbiology,2022-07-12 12:58:00.563162,Functions of Operating System,wFdmyMqz-gI,2018-01-17T13:03:47Z,PT2M27S,63633,630
69,Microbiology,2022-07-12 12:58:00.563164,Operating System Virtualization,KJzgJk1rdSs,2018-09-11T06:32:46Z,PT2M15S,17241,165
70,Microbiology,2022-07-12 12:58:00.563165,Computer Operating System | For All Competitive exams | By Nitin Sir |,eBW5Of89TMc,2019-11-12T16:48:06Z,PT44M35S,405097,12988
71,Microbiology,2022-07-12 12:58:00.563167,Interrupts in Operating System | Explained in Detail #os #process #data #interrupt #trap #system,K8p9KxuzZ-U,2021-09-23T07:53:21Z,PT4M49S,3174,63
72,Microbiology,2022-07-12 12:58:00.563170,Distributed Operating System | Goals | Features,NYBKXzl5bWU,2020-08-24T11:41:50Z,PT6M16S,32658,638
73,Microbiology,2022-07-12 12:58:00.563172,"Operating system operations || user mode, kernel mode|| operating system in telugu",wvypiV25KHY,2021-06-04T04:30:06Z,PT19M12S,10393,515
74,Microbiology,2022-07-12 12:58:00.563173,Boot Device Not Found || Please Install an  Operating system on your hard disk|| Hard Disk (3F0) Fix,4m_xa3HUEiw,2020-09-06T19:02:32Z,PT3M25S,285852,5973
75,Microbiology,2022-07-12 12:58:00.563175,L-1.10: User mode and Kernel mode in operating system in hindi,8duV1LLHHJU,2018-12-19T05:56:46Z,PT6M46S,465906,13633
76,Microbiology,2022-07-12 12:58:00.563176,An Operating System Wasn‚Äôt Found Try Disconnecting Any Drives That Don‚Äôt Contain An Operating System,anVSWO0GfEY,2020-09-21T03:37:26Z,PT3M31S,238750,2103
77,Microbiology,2022-07-12 12:58:00.563178,Top 30 Operating System Interview Questions - Session 1,T4R6J_WHQLw,2018-01-13T02:57:24Z,PT7M50S,48490,808
78,Microbiology,2022-07-12 12:58:00.563179,Terence McKenna- Culture is your operating system,O4ZCBrqTNrY,2007-08-29T00:27:14Z,PT8M38S,70315,1061
79,Microbiology,2022-07-12 12:58:00.563181,L-5.17: Segmentation Vs Paging | Segmentation Working | Operating system,dz9Tk6KCMlQ,2018-04-05T13:26:04Z,PT16M30S,598545,12950
80,Microbiology,2022-07-12 12:58:00.563182,"How to install Custom Operating System on Android Phone [Easy Way], Firmware",jbzaybQPFsE,2021-06-17T11:13:38Z,PT6M20S,8196,47
81,Microbiology,2022-07-12 12:58:00.563184,System calls and types of system calls in operating systems || operating system in telugu,i--pr8hUiTM,2021-06-17T05:10:01Z,PT14M18S,17182,449
82,Microbiology,2022-07-12 12:58:00.563185,L-5.16: What is Thrashing | Operating System,IyWaK8pbN6A,2018-05-12T06:47:21Z,PT8M34S,384735,9476
83,Microbiology,2022-07-12 12:58:00.563186,How to Remove an operating system from Boot Manager at Start up windows Laptop - PC,QZT9KHIdafs,2019-11-05T14:52:31Z,PT2M3S,79797,991
84,Microbiology,2022-07-12 12:58:00.563188,CPU Scheduling in Operating System | Process Scheduling algorithms | Hindi | Easy Explanation,9pdVk1buyv0,2021-03-14T04:32:34Z,PT12M24S,46909,1080
85,Microbiology,2022-07-12 12:58:00.563189,"HP Laptop, Operating System Boot Mode Change (021), + Enter   to complate the change",xSfsHQGDfjU,2020-10-31T21:14:46Z,PT4M52S,51500,269
86,Microbiology,2022-07-12 12:58:00.563191,This is the operating system Edward Snowden recommends,s8-B9d7iz1A,2020-09-06T16:59:15Z,PT4M45S,1641945,39863
87,Microbiology,2022-07-12 12:58:00.563192,Operating System Marathon | Vishvadeep Gothi,uBv2N6DvKfM,2022-01-28T14:53:38Z,PT4H23M44S,31957,1644
88,Microbiology,2022-07-12 12:58:00.563196,"How to Fix an Operating System wasn&#39;t found, BCD Repair Windows 10 (Complete Tutorial)",ie6oWNdxsUg,2018-07-09T13:09:24Z,PT10M11S,269623,2841
89,Microbiology,2022-07-12 12:58:00.563197,Operating System Interview Questions | FAANG Interview Preparation | Wipro Interview for BCA Fresher,nPHxVIEVHqc,2021-01-03T12:59:04Z,PT21M32S,30757,1221
90,Microbiology,2022-07-12 12:58:00.563199,Operating System Generation and System Boot,wD0PrF3fGSY,2018-06-28T09:45:00Z,PT12M11S,95306,1532
91,Microbiology,2022-07-12 12:58:00.563200,User Operating System Interface,psDpbWscPuE,2018-03-12T11:57:59Z,PT13M34S,150762,2284
92,Microbiology,2022-07-12 12:58:00.563202,L-4.5: Deadlock Avoidance Banker&#39;s Algorithm with Example |With English Subtitles,7gMLNiEz3nw,2018-03-12T06:35:55Z,PT24M4S,1010534,27276
93,Microbiology,2022-07-12 12:58:00.563203,Interrupts in operating system -IN Tamil,Z8AYjklbiB8,2021-12-07T04:47:59Z,PT13M8S,6896,184
94,Microbiology,2022-07-12 12:58:00.563204,Multiprocessing Operating System | Advantages and Disadvantages | Types of Operating System,NdTnVA6Eq9s,2021-02-17T05:11:07Z,PT8M21S,37145,927
95,Microbiology,2022-07-12 12:58:00.563206,L-5.19: Virtual Memory | Page fault | Significance of virtual memory | Operating System,o2_iCzS9-ZQ,2018-04-11T09:14:55Z,PT20M18S,643072,16104
96,Microbiology,2022-07-12 12:58:00.563207,What is a Process ||  Process In Memory ||  Process Management In Operating System,udOPPbQhASg,2020-03-25T10:24:31Z,PT7M12S,20333,329
97,Microbiology,2022-07-12 12:58:00.563209,"Operating System not found, Windows 7, 8, 10 Boot Failed",Q3WiKvHWlj8,2020-08-18T11:29:37Z,PT5M6S,184512,1486
98,Microbiology,2022-07-12 12:58:00.563211,How to Backup Operating System and Applications in Windows 10,ufvyPPb_37I,2017-03-31T14:00:06Z,PT5M1S,96472,1053
99,Microbiology,2022-07-12 12:58:00.563212,Huawei&#39;s Operating System of the Future?,D1GF7bTxv20,2020-05-19T13:50:48Z,PT10M21S,2861278,113387
100,Microbiology,2022-07-12 12:58:01.346548,L-5.19: Virtual Memory | Page fault | Significance of virtual memory | Operating System,o2_iCzS9-ZQ,2018-04-11T09:14:55Z,PT20M18S,643072,16104
101,Microbiology,2022-07-12 12:58:01.346560,What is a Process ||  Process In Memory ||  Process Management In Operating System,udOPPbQhASg,2020-03-25T10:24:31Z,PT7M12S,20333,329
102,Microbiology,2022-07-12 12:58:01.346562,How to Backup Operating System and Applications in Windows 10,ufvyPPb_37I,2017-03-31T14:00:06Z,PT5M1S,96472,1053
103,Microbiology,2022-07-12 12:58:01.346563,"Operating System not found, Windows 7, 8, 10 Boot Failed",Q3WiKvHWlj8,2020-08-18T11:29:37Z,PT5M6S,184512,1486
104,Microbiology,2022-07-12 12:58:01.346565,network operating system | Distributed Systems | Lec-11 | Bhanu Priya,MtrcTjJfWSY,2019-06-15T05:37:08Z,PT5M51S,42152,298
105,Microbiology,2022-07-12 12:58:01.346567,Monitor in operating system,rz5CKJHhalU,2020-03-16T18:14:06Z,PT5M15S,35880,923
106,Microbiology,2022-07-12 12:58:01.346570,·ã®·äÆ·àù·çí·ãç·â∞·à≠ ·àµ·à≠·ãì·â∞-·ä≠·ãà·äì:·ä≠·çç·àç·ç°1:Operating Systems and Their Purposes :Operating system in Amharic,0v97Ms2yH_c,2020-11-25T07:00:15Z,PT39M23S,20610,411
107,Microbiology,2022-07-12 12:58:01.346572,What is an Operating System? bangla,XO-dBQBluSU,2017-08-11T22:12:24Z,PT2M17S,42888,705
108,Microbiology,2022-07-12 12:58:01.346574,40 Hz Gamma - Pure Tone Binaural Beat - Brain&#39;s Operating System,ZGHbKWGgH_E,2015-06-17T19:55:48Z,PT4H1S,2682770,56159
109,Microbiology,2022-07-12 12:58:01.346576,Huawei&#39;s Operating System of the Future?,D1GF7bTxv20,2020-05-19T13:50:48Z,PT10M21S,2861278,113387
110,Microbiology,2022-07-12 12:58:01.346577,Semaphores,XDIOC2EY5JE,2021-07-08T03:30:04Z,PT22M51S,116309,2465
111,Microbiology,2022-07-12 12:58:01.346579,5.1- What Is Deadlock In operating System In Hindi | Operating System Lectures by Deepak Garg,ayxhtqT50SU,2019-10-19T06:45:11Z,PT14M17S,19162,590
112,Microbiology,2022-07-12 12:58:01.346580,DOS - Disk Operating System,8hp-PUfooMQ,2020-08-25T09:42:42Z,PT7M19S,37215,795
113,Microbiology,2022-07-12 12:58:01.346582,operating system introduction | os hindi class playlist | computer teacher vacancy in rajasthan,oBFhIAKes8I,2022-01-27T23:01:31Z,PT30M36S,9981,569
114,Microbiology,2022-07-12 12:58:01.346583,Address Binding  in Operating System |Compile time binding|Load time binding|Run time binding,X8Ig3RDCGTM,2020-08-22T16:51:05Z,PT11M,13425,385
115,Microbiology,2022-07-12 12:58:01.346585,What is a Terminal Operating System (TOS)?,EsPr0taZB4I,2022-03-04T01:51:15Z,PT18M46S,846,23
116,Microbiology,2022-07-12 12:58:01.346586,What is Operating system?| LearnItIntamil |Tamil,ihZ8q4uGSIk,2019-08-01T16:49:26Z,PT2M16S,30867,845
117,Microbiology,2022-07-12 12:58:01.346588,L-1.3: Multiprogramming and Multitasking Operating System in Hindi with real life examples,3MqyDWDpZoI,2018-07-03T04:12:17Z,PT6M34S,704693,14469
118,Microbiology,2022-07-12 12:58:01.346589,Inter process communication in operating system|| IPC || operating system in telugu,NGXE0KfijKI,2021-07-29T05:40:00Z,PT16M10S,4021,132
119,Microbiology,2022-07-12 12:58:01.346591,Using BMW Maps in BMW Operating System 8 | BMW How-To,xKo-fmToUu4,2022-01-14T11:41:58Z,PT2M53S,12853,151
120,Microbiology,2022-07-12 12:58:01.346592,What is Batch Operating System? Advantages and Disadvantages? | Simple Explanation using Animation,sq2SE_GbZ34,2020-06-14T03:48:41Z,PT6M1S,41594,1132
121,Microbiology,2022-07-12 12:58:01.346594,5.2 Types of Operating System - Malayalam,JePEOKNqrx0,2021-09-15T01:30:02Z,PT11M58S,6497,185
122,Microbiology,2022-07-12 12:58:01.346595,Operating Systems - Part 1: Introduction | Basics of operating system| Malayalam tutorial,aZa7qHL6wLY,2021-07-14T06:27:20Z,PT18M25S,14637,311
123,Microbiology,2022-07-12 12:58:01.346597,OS || Types of Operating System || Explanation in both Telugu and English || Telugu Scit Tutorials,3zNnfTZUL80,2020-05-28T16:14:34Z,PT32M18S,24835,700
124,Microbiology,2022-07-12 12:58:01.346598,[SOLVED] Operating System not found | No Operating System found in my PC |  Help Call: +919015367522,tRAb7B8fd-s,2020-07-27T10:12:28Z,PT11M50S,197314,2532
125,Microbiology,2022-07-12 12:58:01.346599,Operating System Exam Special Rapid Revision,gjXJQv-NGYM,2021-09-30T15:38:48Z,PT49M5S,5380,170
126,Microbiology,2022-07-12 12:58:01.346602,Best 4 Operating System for Your Computer Android &amp; Windows Features Together Amazing!,v3kyJG-pGV4,2021-09-14T08:15:02Z,PT5M8S,43871,2497
127,Microbiology,2022-07-12 12:58:01.346603,"Modern Warefare - Warzone Direct X 12 Error, Your Operating System Is Not Supported FIX! AMD",04ebkHdjXK8,2020-05-28T13:41:42Z,PT4M42S,36802,542
128,Microbiology,2022-07-12 12:58:01.346605,Operating System Security,3kKkOBClw1Q,2018-01-19T07:13:14Z,PT5M55S,30251,239
129,Microbiology,2022-07-12 12:58:01.346606,Installing a Windows Operating System,G3_GXImETg8,2011-02-26T18:18:34Z,PT48M33S,365034,1654
130,Microbiology,2022-07-12 12:58:01.346608,Threads in operating system || Single  and Multi-threaded processes || Benefits |Server Architecture,x1tg2YUCs-c,2020-04-06T17:55:56Z,PT14M11S,15192,305
131,Microbiology,2022-07-12 12:58:01.346609,How to fix &quot;A component of the operating system has expired&quot; error (Date and time),MjsAy0zBh1g,2015-09-03T13:49:26Z,PT2M30S,69648,391
132,Microbiology,2022-07-12 12:58:01.346611,Peterson&#39;s solution algorithm || operating system in telugu,a48KED9Q6sw,2021-08-14T14:34:00Z,PT11M37S,4383,95
133,Microbiology,2022-07-12 12:58:01.346612,Functions of operating system- lecture3/os,at2oc4AYsTQ,2019-01-07T18:08:49Z,PT13M9S,96152,1491
134,Microbiology,2022-07-12 12:58:01.346614,Better Than Windows 11! Best 3 New Operating system For your PC Faster &amp; Customizable,anjU2_uGXGc,2021-11-15T08:54:10Z,PT4M33S,18340,1092
135,Microbiology,2022-07-12 12:58:01.346615,20 Basic Operating System Interview Questions &amp; Answers - Freshers &amp; Experienced -  Tech Interviews,89CEt9e88io,2022-04-22T04:07:54Z,PT18M35S,5603,107
136,Microbiology,2022-07-12 12:58:01.346617,The Most Secure Operating System - Qubes OS,duj_rydM7qE,2021-04-15T13:28:21Z,PT22M19S,60162,2658
137,Microbiology,2022-07-12 12:58:01.346618,Error 1962: No operating system found error on Lenovo computer  #techmindacademy,dUpcQ44FQcI,2022-01-03T17:15:58Z,PT3M3S,13858,108
138,Microbiology,2022-07-12 12:58:01.346620,An Operating System Wasn&#39;t Found Try Disconnecting Any Drives That Don&#39;t Contain an Operating System,gwF7MKAylqQ,2020-11-26T19:12:53Z,PT13M17S,106185,1266
139,Microbiology,2022-07-12 12:58:01.346621,SYSTEM CALLS IN OPERATING SYSTEM || WORKING OF SYSTEM CALLS IN OS || NEED OF SYSTEM CALLS IN OS,iXV4d1Y3SW4,2022-05-15T13:00:12Z,PT9M30S,3651,142
140,Microbiology,2022-07-12 12:58:01.346623,How To Fix SolidWorks The Operating System Is Not Presently Configured To Run This Application Error,pTS_S_DRpRk,2020-10-27T15:21:34Z,PT3M29S,18554,-1
141,Microbiology,2022-07-12 12:58:01.346624,ZORIN OS - Best Linux Operating System,8NXphEJsrag,2021-09-13T12:45:21Z,PT12M13S,128209,11090
142,Microbiology,2022-07-12 12:58:01.346626,[FIXED] The Operating System is not Presently Configured to Run this Application,A-aQYXChge4,2019-10-30T11:23:55Z,PT6M45S,56583,244
143,Microbiology,2022-07-12 12:58:01.346627,Using Python to Interact with the Operating System WEEK 1 Qwiklabs Assessment Coursera | by Google,6xoNxHP_YSk,2020-07-12T05:04:34Z,PT17M31S,17213,175
144,Microbiology,2022-07-12 12:58:01.346628,Deadlock in Operating System | 4 Conditions of Deadlocks | Deadlock Handling - Process Management,UVo9mGARkhQ,2018-09-16T13:30:00Z,PT15M45S,84981,1837
145,Microbiology,2022-07-12 12:58:01.346630,1.4 Multiprogramming Operating System in HINDI | what is Multi programming os,OOLy8jnl1hA,2018-04-20T05:15:00Z,PT14M56S,275425,4839
146,Microbiology,2022-07-12 12:58:01.346631,The STRANGEST operating system I have ever seenüë©‚Äçüíª #technology #programming #software #opensource,lHgrfuwKoNU,2022-05-03T17:18:09Z,PT38S,53084,1783
147,Microbiology,2022-07-12 12:58:01.346633,"Missing Operating System , How to Fix Missing Operating System  and  Solution",HgaeViKi940,2021-03-06T04:46:42Z,PT5M8S,122109,1716
148,Microbiology,2022-07-12 12:58:01.346637,8.  Types of OS - Batch Operating System | Basics of Operating System [Hindi/Urdu],jPP-lUpJES0,2019-05-08T03:15:00Z,PT7M34S,43230,926
149,Microbiology,2022-07-12 12:58:01.346639,Booting an Operating System,7D4qiFIosWk,2018-09-10T00:08:45Z,PT11M11S,44848,807
150,Microbiology,2022-07-12 12:58:02.092709,Deadlock in Operating System | 4 Conditions of Deadlocks | Deadlock Handling - Process Management,UVo9mGARkhQ,2018-09-16T13:30:00Z,PT15M45S,84981,1837
151,Microbiology,2022-07-12 12:58:02.092720,1.4 Multiprogramming Operating System in HINDI | what is Multi programming os,OOLy8jnl1hA,2018-04-20T05:15:00Z,PT14M56S,275425,4839
152,Microbiology,2022-07-12 12:58:02.092722,The STRANGEST operating system I have ever seenüë©‚Äçüíª #technology #programming #software #opensource,lHgrfuwKoNU,2022-05-03T17:18:09Z,PT38S,53084,1783
153,Microbiology,2022-07-12 12:58:02.092724,"Missing Operating System , How to Fix Missing Operating System  and  Solution",HgaeViKi940,2021-03-06T04:46:42Z,PT5M8S,122109,1716
154,Microbiology,2022-07-12 12:58:02.092725,8.  Types of OS - Batch Operating System | Basics of Operating System [Hindi/Urdu],jPP-lUpJES0,2019-05-08T03:15:00Z,PT7M34S,43230,926
155,Microbiology,2022-07-12 12:58:02.092727,Booting an Operating System,7D4qiFIosWk,2018-09-10T00:08:45Z,PT11M11S,44848,807
156,Microbiology,2022-07-12 12:58:02.092729,Types of Operating System in Hindi  Lec-2,-frubu9bglY,2018-12-03T13:01:08Z,PT21M3S,186388,3295
157,Microbiology,2022-07-12 12:58:02.092730,Process State Transition Diagram and various Schedulers | Operating System,-ddfZ0atNAU,2019-03-19T08:05:42Z,PT16M40S,181588,3422
158,Microbiology,2022-07-12 12:58:02.092732,1. computer operating system mcq | rajasthan computer teacher vacancy | operating system playlist,1h_rkPKhhnU,2022-05-22T11:43:18Z,PT1H6M11S,7500,593
159,Microbiology,2022-07-12 12:58:02.092733,How to Change Operating System Name on Boot Menu in Windows 10 Tutorial,RICVlbN5phE,2016-02-17T03:26:11Z,PT2M35S,88766,488
160,Microbiology,2022-07-12 12:58:02.092735,Operating System not found/ Missing operating system? Laptop Fix / Solution,F6tE4Vlmv6E,2014-03-24T03:34:38Z,PT4M28S,718410,2116
161,Microbiology,2022-07-12 12:58:02.092736,Operating System Interview Questions and Answers - Part I,b18X4uOKjHs,2013-07-04T06:56:57Z,PT12M26S,173170,1854
162,Microbiology,2022-07-12 12:58:02.092738,Distributed Operating system in os... tamil,EzjdNNGi1x4,2021-02-25T21:28:30Z,PT5M13S,5599,111
163,Microbiology,2022-07-12 12:58:02.092739,Computer Training : How to Install an Operating System on a Computer,UvTyxTxO3-s,2009-03-15T20:17:13Z,PT3M2S,215803,391
164,Microbiology,2022-07-12 12:58:02.092741,Semaphore Animation | Operating System Concept Made Simple,LIzTbA3cAWY,2021-03-06T12:02:46Z,PT3M14S,6668,290
165,Microbiology,2022-07-12 12:58:02.092742,"How to fix &quot;Operating System not found&quot; error, Laptop HDD, Samsung R530",OSYM5dxzHwI,2016-09-02T20:19:14Z,PT2M26S,167396,941
166,Microbiology,2022-07-12 12:58:02.092744,Peterson Solution in Operating System | Two Process Solution for Critical Section | Busy Waiting,Jp1HhVG2pQw,2021-06-07T15:21:30Z,PT19M38S,6986,171
167,Microbiology,2022-07-12 12:58:02.092746,How to fix error : Operating System Not Found On Sony Vaio,QurOltTHCoU,2015-12-20T14:39:43Z,PT3M5S,158731,588
168,Microbiology,2022-07-12 12:58:02.092748,Deadlock introduction and conditions of a Deadlock || Operating system in telugu,V7V3LTFKzmI,2022-01-04T14:45:03Z,PT20M39S,4983,163
169,Microbiology,2022-07-12 12:58:02.092749,"Types of Operating Systems(Batch, Multiprogramming, Time Sharing, Multiprocessing, Real Time)",PY6zEUELn8s,2019-03-18T14:28:38Z,PT18M6S,361919,6981
170,Microbiology,2022-07-12 12:58:02.092751,L-5.11: Question Explanation on Paging | Memory Management | Operating System,L80DakYu4uw,2018-04-03T09:40:29Z,PT13M52S,267265,5113
171,Microbiology,2022-07-12 12:58:02.092752,Work 100% || Tutorial - How to Fix Operating System Not Found | SmarTutor TV,PvWJR4EqOBI,2017-09-02T04:04:47Z,PT3M9S,679407,5217
172,Microbiology,2022-07-12 12:58:02.092754,IO buffering | Types of Buffering in Operating System,1cSou52VdE0,2021-01-03T10:37:07Z,PT13M37S,9811,208
173,Microbiology,2022-07-12 12:58:02.092756,Peterson&#39;s Solution (Peterson&#39;s Algorithm) ll Operating System ll Two  Process Synchronization,7_h04U_VU5w,2018-12-24T11:52:53Z,PT11M18S,48449,1923
174,Microbiology,2022-07-12 12:58:02.092757,1.3- What Is Kernel Mode &amp; User Mode In Operating System In Hindi | Kernel In Operating System,K4Id1Xz2v4E,2019-07-03T11:17:39Z,PT16M18S,40489,1214
175,Microbiology,2022-07-12 12:58:02.092759,What is Operating System in hindi |Types of Operating system in hindi,h10ZcxOJw6g,2019-03-16T05:27:13Z,PT7M39S,27095,703
176,Microbiology,2022-07-12 12:58:02.092761,How to Delete an Operating System from Dual Boot Computer,nfNbwBLqwvI,2018-03-08T13:23:50Z,PT3M14S,686835,9847
177,Microbiology,2022-07-12 12:58:02.092762,"Operating System not found, Windows Boot Failed, Windows 7, 8, 10 on Dell Laptops",p-b3aCg298o,2021-06-14T18:10:04Z,PT4M,13145,117
178,Microbiology,2022-07-12 12:58:02.092764,2.8 HARDWARE SYNCHRONIZATION IN OS #vtu #os #operatingsystem #exam,SL7VSKZVIYo,2019-05-02T16:44:39Z,PT10M3S,10081,101
179,Microbiology,2022-07-12 12:58:02.092765,"L-3.4: Critical Section Problem |  Mutual Exclusion, Progress and Bounded Waiting | Operating System",qMQsd7Iy5jo,2018-02-27T09:59:54Z,PT25M36S,590075,17234
180,Microbiology,2022-07-12 12:58:02.092767,Operating System Grade 3,qMkFoU12lHI,2020-04-22T17:13:52Z,PT8M38S,95095,1141
181,Microbiology,2022-07-12 12:58:02.092768,Explain Spooling in Operating System | Types in Hindi | Operating System Tutorials Hindi - 07,ahtWU2qbhaA,2021-11-20T06:45:00Z,PT4M6S,5101,120
182,Microbiology,2022-07-12 12:58:02.092769,Operating system boot mode change (021) | **** + enter - to complete the change,wXOLWOdpDlc,2020-07-11T13:40:59Z,PT1M34S,42415,191
183,Microbiology,2022-07-12 12:58:02.092771,Critical  Section Problem in Operating System in Hindi | Operating System Tutorial s,uY8f0iXDb1c,2018-04-14T10:22:50Z,PT7M43S,56298,796
184,Microbiology,2022-07-12 12:58:02.092772,L-3.13: Dining philosophers Problem and Solution using Semaphore in Operating System,HHoB2t_B6MI,2018-03-03T05:30:00Z,PT35M13S,346642,10560
185,Microbiology,2022-07-12 12:58:02.092774,Multitasking Operating System | Animation | Simple Example | Easy Explanation,fhhc_bjgiuA,2020-06-25T07:48:06Z,PT7M29S,20992,512
186,Microbiology,2022-07-12 12:58:02.092775,Class 3 : Ch2 GUI Operating System,7GxL6gAKWR4,2020-09-18T12:48:33Z,PT10M30S,4746,92
187,Microbiology,2022-07-12 12:58:02.092777,Features or Characteristics of UNIX or LINUX Operating system || os,uFPVkZUS-Oc,2021-05-02T18:34:09Z,PT5M39S,4011,77
188,Microbiology,2022-07-12 12:58:02.092778,Page replacement algorithm problem in Tamil/operating system/FIFO/LRU/Optimal page replacement prblm,-gm8oYxJbJw,2020-04-30T14:08:55Z,PT16M9S,46178,1877
189,Microbiology,2022-07-12 12:58:02.092780,What is the Entrepreneurial Operating System? (Traction EOS),IYQcNnihSBA,2020-08-04T17:35:32Z,PT2M49S,6250,38
190,Microbiology,2022-07-12 12:58:02.092781,Semaphore Part-1 Explained in Hindi l Operating System Course l ERTOS Course,8MMumQzpBSI,2020-04-26T03:16:04Z,PT9M19S,32987,1007
191,Microbiology,2022-07-12 12:58:02.092783,Bankers algorithm with solve example   part 1 in hindi | Operating system series,Q8eLBWdhgu0,2017-10-23T13:53:09Z,PT13M45S,436744,11874
192,Microbiology,2022-07-12 12:58:02.092784,Write your own Operating System in 1 hour,1rnA6wpF0o4,2016-03-07T22:37:14Z,PT54M56S,405021,7454
193,Microbiology,2022-07-12 12:58:02.092786,L-4.2: Resource Allocation Graph in Deadlock | Single Instance with example | Operating System,BW74JYB3QOM,2018-03-16T04:36:11Z,PT26M18S,426987,10239
194,Microbiology,2022-07-12 12:58:02.092787,GUI Operating System - Desktop Management | Class - 4 : Computer | Windows 10 | CAIE / CBSE |,-NEvJNb5BIs,2021-05-12T17:45:37Z,PT13M29S,9250,139
195,Microbiology,2022-07-12 12:58:02.092789,Multiprocessing Operating System | Easy Explanation | Using Animation,IZfWjg3U3mA,2020-07-04T03:08:01Z,PT7M17S,23100,578
196,Microbiology,2022-07-12 12:58:02.092790,"Acer Aspire Operating system not found, Laptop doesn&#39;t go into the window",ZXpVRQM4oDw,2021-04-03T11:39:15Z,PT4M3S,31541,319
197,Microbiology,2022-07-12 12:58:02.092792,An Operating System Wasn‚Äôt Found Try Disconnecting Any Drives That Don‚Äôt Contain An Operating System,a9MeP0V0Ajc,2022-01-24T13:49:11Z,PT6M32S,14169,188
198,Microbiology,2022-07-12 12:58:02.092793,L-5.3: Internal Fragmentation | Fixed  size Partitioning | Memory management | Operating System,bK-VhQA512c,2018-03-26T06:35:37Z,PT18M53S,372714,11374
199,Microbiology,2022-07-12 12:58:02.092795,What is kernel and shell in Operating System? | OS Part-3,ZP1ES7bjBWk,2020-05-02T06:59:13Z,PT9M33S,13902,593
200,Microbiology,2022-07-12 12:58:02.905040,An Operating System Wasn‚Äôt Found Try Disconnecting Any Drives That Don‚Äôt Contain An Operating System,a9MeP0V0Ajc,2022-01-24T13:49:11Z,PT6M32S,14169,188
201,Microbiology,2022-07-12 12:58:02.905054,Segmentation in Operating System- In Tamil,BrynIQCnLGI,2021-12-27T04:29:28Z,PT10M3S,4948,138
202,Microbiology,2022-07-12 12:58:02.905056,What is linux | Microsoft Windows vs Linux OS | linux operating system | Amader Canvas,dyuDdstBn8U,2020-11-08T13:33:33Z,PT6M3S,27669,730
203,Microbiology,2022-07-12 12:58:02.905058,Deadlock introduction and conditions of a Deadlock || Operating system in telugu,V7V3LTFKzmI,2022-01-04T14:45:03Z,PT20M39S,4983,163
204,Microbiology,2022-07-12 12:58:02.905059,Explain Spooling in Operating System | Types in Hindi | Operating System Tutorials Hindi - 07,ahtWU2qbhaA,2021-11-20T06:45:00Z,PT4M6S,5101,120
205,Microbiology,2022-07-12 12:58:02.905061,GHOST DATA - DDOS (Dream Drive Operating System),aj2EmrVYaRE,2021-04-20T16:18:22Z,PT4M33S,601017,19986
206,Microbiology,2022-07-12 12:58:02.905063,FCFS(First Come First Serve) CPU Scheduling Algorithm with example | Operating System,WYo1SpUh9FI,2019-03-20T12:34:06Z,PT17M50S,403837,6426
207,Microbiology,2022-07-12 12:58:02.905064,Patwar Computer| Operating System | ‡§Æ‡§π‡§§‡•ç‡§µ‡§™‡•Ç‡§∞‡•ç‡§£ ‡§™‡•ç‡§∞‡§∂‡•ç‡§®‡•ã‡§§‡•ç‡§§‡§∞‡•Ä | By SanjaySir,FQ07UIGGlJA,2020-12-25T07:11:19Z,PT1H30M25S,28428,1557
208,Microbiology,2022-07-12 12:58:02.905066,Damon Horowitz calls for a &quot;moral operating system&quot;,nG3vB2Cu_jM,2011-06-06T16:36:49Z,PT16M19S,79349,849
209,Microbiology,2022-07-12 12:58:02.905067,Directory Structure | tree structured directory | acyclic graph directory | operating system | files,eK_mEHG20PA,2019-10-07T19:26:54Z,PT10M4S,57130,1176
210,Microbiology,2022-07-12 12:58:02.905069,Processing Management in Operating System in tamil,oxhYD33QNho,2021-12-02T06:35:34Z,PT15M27S,1761,53
211,Microbiology,2022-07-12 12:58:02.905070,Operating System mcqs | Operating System mcqs for competitive exams | COMPUTER AWARENESS MCQS SET-1,qyGHwCgjUK4,2022-02-27T07:30:07Z,PT21M59S,7078,392
212,Microbiology,2022-07-12 12:58:02.905072,The STRANGEST operating system I have ever seenüë©‚Äçüíª #technology #programming #software #opensource,lHgrfuwKoNU,2022-05-03T17:18:09Z,PT38S,53084,1783
213,Microbiology,2022-07-12 12:58:02.905073,CLASS 21 II GUI Based Operating System,AATL3mX78rA,2022-01-13T17:49:20Z,PT53M22S,5765,188
214,Microbiology,2022-07-12 12:58:02.905075,L-5.20: Translation Lookaside Buffer(TLB) in Operating System in Hindi,Z2T2vnyZl0o,2020-02-19T13:26:02Z,PT12M23S,163219,5491
215,Microbiology,2022-07-12 12:58:02.905076,Computer: Operating System | Competition Exams Preparation | Rajasthan/Delhi Police/UPPCL,xrPhQH2SEUM,2020-10-27T05:11:44Z,PT1H27M50S,44642,2229
216,Microbiology,2022-07-12 12:58:02.905078,Class 10 IT Unit 3 Chapter 8 | Operating System Full Chapter Explanation | Book Code 402,qoHjved79Jc,2021-10-24T23:30:08Z,PT1H20M5S,30119,905
217,Microbiology,2022-07-12 12:58:02.905079,Fix NET Framework 4.8 is Not Supported On This Operating System Error Windows 10 / 8 / 7,u1S8daWrHTo,2021-03-19T14:45:01Z,PT2M20S,86311,-1
218,Microbiology,2022-07-12 12:58:02.905081,Sockets in Operating System,uagKTbohimU,2018-10-30T16:58:17Z,PT11M31S,111226,2010
219,Microbiology,2022-07-12 12:58:02.905082,Monolithic and Micro  Kernel Architecture Explain in Hindi | Operating System Tutorials,88vlIFfsmKM,2018-04-14T10:22:50Z,PT5M52S,88685,1264
220,Microbiology,2022-07-12 12:58:02.905084,System call in operating system in tamil,5MC9n0iBh9g,2019-08-16T13:49:14Z,PT10M2S,12055,394
221,Microbiology,2022-07-12 12:58:02.905085,Functions of Operating Systems || Operating system Components,rAMVA1QJUhU,2021-09-23T17:53:14Z,PT18M9S,9642,178
222,Microbiology,2022-07-12 12:58:02.905086,Operating System Components,mXUqMtJ0oBw,2020-07-20T13:50:54Z,PT17M14S,11009,164
223,Microbiology,2022-07-12 12:58:02.905088,Distributed Operating system in os... tamil,EzjdNNGi1x4,2021-02-25T21:28:30Z,PT5M13S,5599,111
224,Microbiology,2022-07-12 12:58:02.905089,The IT Crowd: &quot;What kind of Operating System does it use...?&quot;,8y4akOH8v8Q,2011-06-14T20:12:36Z,PT2M34S,648206,12040
225,Microbiology,2022-07-12 12:58:02.905091,Paging in operating system in Tamil,Hr_qLg9PJhI,2021-12-24T04:37:48Z,PT8M4S,5636,131
226,Microbiology,2022-07-12 12:58:02.905093,Error loading operating system solution with data backup and operating system installation .,PUOV3F1DWjM,2021-06-22T02:25:41Z,PT27M16S,29692,200
227,Microbiology,2022-07-12 12:58:02.905094,GUI Operating System - An Introduction | Class 3 - Computer Chapter 2 | CAIE / CBSE / ICSE Syllabus,77qNDllidhQ,2021-05-05T17:46:54Z,PT14M43S,14286,206
228,Microbiology,2022-07-12 12:58:02.905096,Process synchronization | Race condition | critical Section problem | Operating System | IN TAMIL,-ZlBd3Y3Tlc,2022-01-07T03:48:27Z,PT13M21S,5390,152
229,Microbiology,2022-07-12 12:58:02.905097,Gino Wickman explains Entrepreneurial Operating System (EOS),2L_nEp70HI8,2020-09-19T01:45:01Z,PT7M37S,16333,144
230,Microbiology,2022-07-12 12:58:02.905099,L-6.3: Disk Scheduling Algorithm | Operating System,9uoa_p8q47Y,2018-05-08T06:12:53Z,PT6M8S,303217,5974
231,Microbiology,2022-07-12 12:58:02.905100,Bankers algorithm with solve example   part 1 in hindi | Operating system series,Q8eLBWdhgu0,2017-10-23T13:53:09Z,PT13M45S,436744,11874
232,Microbiology,2022-07-12 12:58:02.905101,Day 2-Important Questions of Introduction to Operating System|CCC Exam Preparation|CCC Exam Sep 2021,n6Sk5L3QT3I,2021-08-26T14:00:10Z,PT21M40S,22530,1116
233,Microbiology,2022-07-12 12:58:02.905104,UNIX Architecture | Explanation in Hindi | Operating System Important Topics,7JF-cCpw6VA,2021-03-13T18:30:01Z,PT5M32S,12548,250
234,Microbiology,2022-07-12 12:58:02.905105,AT&amp;T Archives: The UNIX Operating System what is unix ‡§Ø‡•Ç‡§®‡§ø‡§ï‡•ç‡§∏ ‡§ï‡•ç‡§Ø‡§æ ‡§π‡•à Ratnakar Upadhyay,sczLg0N26oA,2019-12-25T03:53:37Z,PT6M22S,29357,711
235,Microbiology,2022-07-12 12:58:02.905107,Computer Anudeshak (‡§ï‡§Æ‡•ç‡§™‡•ç‡§Ø‡•Ç‡§ü‡§∞ ‡§Ö‡§®‡•Å‡§¶‡•á‡§∂‡§ï) #3 | Operating System |Top MCQ |Ramkaran Sir |Utkarsh Classes,P9P5cFBZXYE,2022-06-08T11:35:24Z,PT59M30S,20552,907
236,Microbiology,2022-07-12 12:58:02.905108,"Objectives of Operating System , Computer Science Lecture | Sabaq.pk |",SzwPIC0P-N4,2018-09-07T12:59:04Z,PT7M56S,11776,163
237,Microbiology,2022-07-12 12:58:02.905110,Introduction To Operating System|CCC Complete Syllabus in Hindi|CCC Exam Preparation August 2020| 1,ZzmBzTGzJ1E,2020-07-24T14:00:11Z,PT19M34S,50750,1336
238,Microbiology,2022-07-12 12:58:02.905111,Functions of Operating system(OS) | Operating System and its Functions |malayalam tutorial| CHAPTERS,uUqvWWJ5XK4,2021-07-06T12:37:49Z,PT4M56S,6512,185
239,Microbiology,2022-07-12 12:58:02.905113,What is Operating System ? operating_system #c #c++ #java #python #dbms #os #short #shorts #trending,ds9qna_bQ2w,2022-02-02T05:11:39Z,PT27S,11432,630
240,Microbiology,2022-07-12 12:58:02.905114,L-5.13: 2-Level Paging in Operating System | Multilevel Paging,PiEq1CoP0ds,2020-08-07T14:32:10Z,PT15M45S,163770,4090
241,Microbiology,2022-07-12 12:58:02.905116,THE OPERATING SYSTEM: MS WINDOWS 10 class-3,uZJgO7JDy7w,2018-06-01T11:02:23Z,PT8M39S,75198,939
242,Microbiology,2022-07-12 12:58:02.905117,"Functions of Operating System , Computer Science Lecture | Sabaq.pk |",nhPkDXBFInc,2018-09-07T13:17:03Z,PT8M,60456,895
243,Microbiology,2022-07-12 12:58:02.905119,2022 Fix: &quot;This operating system is not supported&quot; Error on Windows,HATKGsHMg5w,2018-08-31T18:46:40Z,PT2M27S,150818,593
244,Microbiology,2022-07-12 12:58:02.905120,Critical  Section Problem in Operating System in Hindi | Operating System Tutorial s,uY8f0iXDb1c,2018-04-14T10:22:50Z,PT7M43S,56298,796
245,Microbiology,2022-07-12 12:58:02.905121,File Concept Part 1 | Definition of a File | File Attributes | operating system | File System,gSks2GpUx3Q,2019-10-07T22:24:09Z,PT6M3S,37073,598
246,Microbiology,2022-07-12 12:58:02.905123,Google introduces operating system &#39;OS Flex&#39;,PPSb3zmzN_Y,2022-02-16T12:01:05Z,PT1M12S,32876,196
247,Microbiology,2022-07-12 12:58:02.905125,"An operating system wasn&#39;t foundüò≠üò≠, How To Fix",RT3Uw3LuR3Y,2022-01-16T09:21:17Z,PT38S,25923,829
248,Microbiology,2022-07-12 12:58:02.905126,Operating Systems | Introduction to Operating System | AKTU Digital Education,m5Y4Q7w5Uec,2021-11-03T11:00:11Z,PT27M52S,5087,85
249,Microbiology,2022-07-12 12:58:02.905128,Contiguous and Noncontiguous Memory Allocation in Operating system... tamil,Vcjgt1aWk_o,2021-03-01T04:24:00Z,PT6M7S,7698,155
250,Microbiology,2022-07-12 12:58:03.681911,Contiguous and Noncontiguous Memory Allocation in Operating system... tamil,Vcjgt1aWk_o,2021-03-01T04:24:00Z,PT6M7S,7698,155
251,Microbiology,2022-07-12 12:58:03.681923,Google introduces operating system &#39;OS Flex&#39;,PPSb3zmzN_Y,2022-02-16T12:01:05Z,PT1M12S,32876,196
252,Microbiology,2022-07-12 12:58:03.681925,Process and Process States in Operating System in Hindi  Lec-7,ABtb-uWhAGY,2018-12-06T12:54:16Z,PT13M57S,56528,1341
253,Microbiology,2022-07-12 12:58:03.681926,Semaphore Part-1 Explained in Hindi l Operating System Course l ERTOS Course,8MMumQzpBSI,2020-04-26T03:16:04Z,PT9M19S,32987,1007
254,Microbiology,2022-07-12 12:58:03.681928,L-4.4: Deadlock Handling Methods and Deadlock Prevention | Operating System,pPM9Ajqmy_4,2018-03-20T08:42:58Z,PT24M49S,491920,13505
255,Microbiology,2022-07-12 12:58:03.681930,12th Computer Science Paper - I : Chapter - 1 | Operating System | Marks Distribution | Introduction,Tz1YPxbq_5M,2020-12-15T12:30:03Z,PT25M30S,108541,3048
256,Microbiology,2022-07-12 12:58:03.681931,L-7.3: Allocation Methods in operating system in hindi | Contiguous vs NonContiguous,J6wVO4pvUCw,2020-05-23T06:30:00Z,PT5M59S,130708,3905
257,Microbiology,2022-07-12 12:58:03.681933,Operating System #14 What is an Interrupt? Types of Interrupts,rnGVincwk30,2017-08-31T15:29:53Z,PT18M13S,90323,819
258,Microbiology,2022-07-12 12:58:03.681934,The most INSANE Operating System üë©‚Äçüíª #technology #programming #software #tech,3yw2B2SnHpE,2022-06-23T17:55:09Z,PT39S,175766,8029
259,Microbiology,2022-07-12 12:58:03.681936,Gino Wickman explains Entrepreneurial Operating System (EOS),2L_nEp70HI8,2020-09-19T01:45:01Z,PT7M37S,16333,144
260,Microbiology,2022-07-12 12:58:03.681937,Operating System Not Found ll Missing Operating System ll SOLVED ll Tech Kneel,mtDXOTbpNSo,2020-09-09T13:39:04Z,PT3M2S,42879,378
261,Microbiology,2022-07-12 12:58:03.681939,Operating System Part 2 - User View and System View,galio4ZS6jQ,2018-01-22T17:55:13Z,PT6M10S,32813,434
262,Microbiology,2022-07-12 12:58:03.681941,OPERATING SYSTEM-02 II COMPUTER AND TELECOMMUNICATIONS II JKPSC ARCS II JKSSB EXAMS,qvE5zOHaGe8,2021-09-08T04:30:10Z,PT23M44S,10762,494
263,Microbiology,2022-07-12 12:58:03.681942,Basics of Operating System | An Introduction | Programming Basics | Kaliyona | In Kannada,v0krZYqAxTc,2020-10-25T18:30:02Z,PT15M20S,4042,152
264,Microbiology,2022-07-12 12:58:03.681944,How to Install or Reinstall Xbox Operating System using USB flash drive. How to fix Error E102,8brP_qCEGQc,2020-07-12T22:19:28Z,PT3M16S,192127,2876
265,Microbiology,2022-07-12 12:58:03.681946,Threads in Operating System in Hindi | #12,ghp5Ygyb1Z4,2020-07-15T14:13:51Z,PT5M23S,17955,315
266,Microbiology,2022-07-12 12:58:03.681947,Structure of Operating System|operating system|in urdu\hindi,07XpHKRHkI4,2020-09-13T12:03:05Z,PT5M38S,5830,107
267,Microbiology,2022-07-12 12:58:03.681949,Class 10 IT Unit 3 | Types of Operating System &amp; Windows 10 - Operating System | Book Code 402,mazDYviP2A8,2021-09-16T08:30:10Z,PT35M57S,21356,625
268,Microbiology,2022-07-12 12:58:03.681950,Semaphore/ types os Semaphore in Operating system/ wait and Singnal... tamil,Pvb25RNkWIc,2021-03-05T04:21:15Z,PT4M56S,10540,243
269,Microbiology,2022-07-12 12:58:03.681963,NET Framework 4.7.1 Is Not Supported On This Operating System Error On Windows 10/8/7/8.1,GwIKTQohjA8,2020-06-16T13:48:37Z,PT2M8S,153537,-1
270,Microbiology,2022-07-12 12:58:03.681968,Rajasthan Computer Teacher Online Class | Operating System Important MCQs Live Class-18 By Vipin Sir,M5IxLSjz6YM,2021-08-15T01:38:22Z,PT52M6S,4409,233
271,Microbiology,2022-07-12 12:58:03.681970,Computer Anudeshak || Operating System &amp; COA || Sanjay Sir |Pathshala Classes Jaipur,HSCNEMikpqg,2022-06-13T13:10:06Z,PT6H4M21S,27600,1332
272,Microbiology,2022-07-12 12:58:03.681971,What is Operating System? explained in Hindi | Operating System ‡§ï‡•ç‡§Ø‡§æ ‡§π‡•à ‡§î‡§∞ ‡§Ø‡•á  ‡§ï‡•à‡§∏‡•á ‡§ï‡§æ‡§Æ ‡§ï‡§∞‡§§‡§æ ‡§π‡•à,b6mh5pKPJ10,2021-11-10T04:52:06Z,PT30S,12582,662
273,Microbiology,2022-07-12 12:58:03.681973,"Operating System Lecture 01: Goals, Characteristics, Operations and Features of Operating System",SBsh0v69w90,2020-09-23T14:57:25Z,PT18M42S,10270,181
274,Microbiology,2022-07-12 12:58:03.681974,OS MCQ | Part 1 | Operating System MCQ |  Multiple Choice Questions &amp; Answers with Explanation,-Cs_Oz6snC4,2021-09-11T07:15:01Z,PT16M29S,2458,72
275,Microbiology,2022-07-12 12:58:03.681976,Linux Tutorial for Beginners | Introduction to Linux Operating System in Tamil | PART 1,xYlHcwjpYyU,2020-11-28T08:24:00Z,PT6M13S,26206,835
276,Microbiology,2022-07-12 12:58:03.681977,Windows operating system kya hai | Windows operating system in hindi |,Bl3z1r1j5tU,2021-03-03T13:36:30Z,PT8M11S,13904,415
277,Microbiology,2022-07-12 12:58:03.681979,Install Any Operating System Over The Network,JJQGwh1Ngto,2020-11-14T18:04:17Z,PT16M52S,31385,1241
278,Microbiology,2022-07-12 12:58:03.681980,Introduction to GUI based Operating System || Chapter 2.1 || Computer  || in #Hindi,H7mHHWUMvRY,2020-03-15T08:10:30Z,PT4M39S,6879,223
279,Microbiology,2022-07-12 12:58:03.681982,L-2.8: Pre-emptive Priority  Scheduling Algorithm with  Example | Operating System,rsDGfFxSgiY,2018-05-22T04:13:57Z,PT10M30S,560071,10231
280,Microbiology,2022-07-12 12:58:03.681983,L-6.6: SCAN Algorithm in Disk scheduling with Example | Operating System,xouo556RGiE,2018-05-09T17:21:22Z,PT7M54S,345505,5832
281,Microbiology,2022-07-12 12:58:03.681985,operating system ‡§ï‡•á ‡§ü‡•â‡§™ 50 ‡§™‡•ç‡§∞‡§∂‡•ç‡§® | Computer Topic Wise Question | ‡§ë‡§™‡§∞‡•á‡§ü‡§ø‡§Ç‡§ó ‡§∏‡§ø‡§∏‡•ç‡§ü‡§Æ Computer,txkWjs33Mrw,2021-12-02T12:39:22Z,PT20M34S,34400,1370
282,Microbiology,2022-07-12 12:58:03.681986,Segmentation (Detailed Explanation) ll Operating System Course ll Explained in Hindi,Nng4G6JKGQo,2019-04-15T12:18:14Z,PT6M41S,43294,1830
283,Microbiology,2022-07-12 12:58:03.681988,Class-22 || Rajasthan Police | Rajasthan Patwar ||COMPUTER || BY Preeti Mam | Operating System,KRzJOhOdBdU,2020-01-06T09:37:24Z,PT31M14S,73665,3385
284,Microbiology,2022-07-12 12:58:03.681989,5.1 #Deadlock in Operating system in Hindi  #DeadlockinOS #PreventionAvoidance,_zOTMOubT1M,2018-09-19T13:10:49Z,PT8M45S,393045,6051
285,Microbiology,2022-07-12 12:58:03.681991,L-5.24: Optimal Page Replacement algorithm | Operating System,q2BpMvPhhrY,2018-04-13T09:34:47Z,PT13M7S,453410,12277
286,Microbiology,2022-07-12 12:58:03.681992,5.7 CASE STUDY ON LINUX OS #os #operatingsystem #exam #vtu #aktu,TTBkc5eiju4,2019-06-15T16:22:49Z,PT13M32S,5558,46
287,Microbiology,2022-07-12 12:58:03.681994,1.2- Functions Of Operating System In Hindi | What are Functions &amp; Goals Of Operating System Hindi,lbwRIwI-PKw,2019-07-02T11:55:37Z,PT15M52S,33538,873
288,Microbiology,2022-07-12 12:58:03.681995,Using Python to Interact with the Operating System WEEK 2 Qwiklabs Assessment Coursera | by Google,Q_wfEqDplGE,2020-07-12T11:13:34Z,PT20M24S,12522,140
289,Microbiology,2022-07-12 12:58:03.681997,Types of operating system | Operating System kitne prakar ke hote hain |,OkbqTlasXiY,2021-01-07T09:01:52Z,PT7M27S,15588,423
290,Microbiology,2022-07-12 12:58:03.681998,os as a resource manager | operating system as a resource manager | Bcom pass sem-2 | mdu | hindi,0U3lWoJtWXU,2021-07-01T06:55:44Z,PT9M6S,5476,116
291,Microbiology,2022-07-12 12:58:03.682000,Marathon Class - Operating System | Computer Instructor | Rajasthan Computer Teacher Vacancy,xQXh45DNwqk,2022-06-06T12:39:44Z,PT1H57M2S,7182,333
292,Microbiology,2022-07-12 12:58:03.682001,L-5.10: Question Explanation on Logical address and Physical address space | Operating System,30P73tWmU0s,2018-04-10T07:45:05Z,PT15M25S,347182,6199
293,Microbiology,2022-07-12 12:58:03.682003,L-6.4: FCFS in Disk scheduling with Example | Operating System,yP89YlEGCqA,2018-05-08T12:43:21Z,PT8M44S,334982,6266
294,Microbiology,2022-07-12 12:58:03.682004,"Single-user and Multi-user Operating System , Computer Science Lecture | Sabaq.pk |",glGlGtxwfQ4,2019-04-03T13:14:13Z,PT9M31S,46567,973
295,Microbiology,2022-07-12 12:58:03.682006,What is operating system? | MSDOS | Internal dos |external dos | handmade notes |,-23ReDRTt2Y,2020-03-12T13:00:05Z,PT4M44S,7798,151
296,Microbiology,2022-07-12 12:58:03.682007,L-2.4: Shortest Job First(SJF) Scheduling  Algorithm with  Example | Operating System,VCIVXPoiLpU,2018-05-19T05:55:33Z,PT9M14S,786820,13760
297,Microbiology,2022-07-12 12:58:03.682009,Class 8 CH-1 OPERATING SYSTEM AND GUI PART-1,WxKl-DiWMOI,2020-06-12T07:59:39Z,PT26M39S,35501,834
298,Microbiology,2022-07-12 12:58:03.682010,1.04 - Types of Operating System,V7gGXKhCJKk,2018-05-01T05:13:10Z,PT11M31S,15272,118
299,Microbiology,2022-07-12 12:58:03.682012,L-7.2: File Attributes &amp; Operations in Operating System,q1wGGZbOr4s,2020-05-21T15:15:31Z,PT11M14S,136830,4766
300,Microbiology,2022-07-12 12:58:04.485848,"What is Software, Operating System &amp; Applications Explained in Sinhala",21-fyK_Odkk,2016-09-13T01:30:00Z,PT10M1S,114402,4188
301,Microbiology,2022-07-12 12:58:04.485860,1.14- What Is Real Time Operating System In HINDI | Real Time Operating Systems | RTOS In Hindi,IfR6tfqgAuI,2019-08-18T07:13:45Z,PT16M33S,20567,699
302,Microbiology,2022-07-12 12:58:04.485862,Lecture 4: Components of Operating System,kHMXP_i6zew,2022-01-25T09:59:07Z,PT45M16S,77504,1931
303,Microbiology,2022-07-12 12:58:04.485863,6.2- What Is Memory Management In Operating System In Hindi | Functions &amp; Goals Of Memory Management,SQZbTmAoEYM,2019-08-18T06:56:15Z,PT14M36S,18921,474
304,Microbiology,2022-07-12 12:58:04.485865,Computer Anudeshak (‡§ï‡§Æ‡•ç‡§™‡•ç‡§Ø‡•Ç‡§ü‡§∞ ‡§Ö‡§®‡•Å‡§¶‡•á‡§∂‡§ï) #2 | Operating System |Top MCQ |Ramkaran Sir |Utkarsh Classes,MNum4VY7h08,2022-06-07T15:47:40Z,PT1H21S,38137,1762
305,Microbiology,2022-07-12 12:58:04.485867,Page replacement algorithm problem in Tamil/operating system/FIFO/LRU/Optimal page replacement prblm,-gm8oYxJbJw,2020-04-30T14:08:55Z,PT16M9S,46178,1877
306,Microbiology,2022-07-12 12:58:04.485868,Hisense VIDAA operating system,z9fp3NXwW5U,2021-11-16T10:41:19Z,PT2M4S,49913,155
307,Microbiology,2022-07-12 12:58:04.485869,Introduction To Paging ll Need Of Paging ll Operating System ll Explained in Hindi,LhUKQ6-rwTs,2018-12-30T05:23:53Z,PT9M2S,51997,1930
308,Microbiology,2022-07-12 12:58:04.485871,Lecture12.1: Network Operating System: Architecture &amp; Components (Part-I),lfoUibFSOEQ,2021-06-22T12:39:47Z,PT12M13S,330,8
309,Microbiology,2022-07-12 12:58:04.485873,L-2.10: Multi Level Queue Scheduling | Operating System,hBPYP0ZEvS8,2018-05-24T08:59:57Z,PT3M41S,298648,5588
310,Microbiology,2022-07-12 12:58:04.485875,L-6.1: Hard Disk Architecture in Operating System in Hindi,sveZw_GG_cs,2020-02-01T07:06:53Z,PT11M35S,198253,5257
311,Microbiology,2022-07-12 12:58:04.485884,L-3.9: What is Binary Semaphore | Easiest Explanation | Operating system,l5-3mbBV1BQ,2018-03-01T05:37:10Z,PT12M23S,275070,8587
312,Microbiology,2022-07-12 12:58:04.485886,Multi-programming Operating system in os.... tamil,XWgB57NLjgM,2021-02-25T21:23:02Z,PT5M10S,4351,78
313,Microbiology,2022-07-12 12:58:04.485888,L-5.4: Variable size Partitioning |  Memory management | Operating System,JdPmsrYqRDY,2018-03-28T07:47:35Z,PT15M11S,278502,10090
314,Microbiology,2022-07-12 12:58:04.485889,Process Vs Program ll Operating System ll Explained in Hindi,c0HbxwfxeMM,2018-12-18T13:03:22Z,PT6M14S,25088,1200
315,Microbiology,2022-07-12 12:58:04.485891,Operating System | Important Questions | Anna University | Tamil,u_b9MC5of7s,2020-02-05T12:45:00Z,PT11M59S,16146,436
316,Microbiology,2022-07-12 12:58:04.485893,"Kernel and shell in operating system ‡§π‡§ø‡§Ç‡§¶‡•Ä ‡§Æ‡•á‡§Ç, #easyelectronic4you",m8Tz2sk5M3w,2020-06-01T20:22:57Z,PT7M6S,19360,-1
317,Microbiology,2022-07-12 12:58:04.485895,[Hindi] Kernel Kya Hota hai ? | What is Kernel in Operating System | Explained In Detail,fUpvYi_ItII,2016-12-28T08:56:54Z,PT7M22S,153339,7018
318,Microbiology,2022-07-12 12:58:04.485896,What is LINUX Operating System - Linux Operating System Explained || In Telugu || Mount Tech,zWrWApQgQ8w,2020-08-28T09:06:19Z,PT6M16S,65074,2519
319,Microbiology,2022-07-12 12:58:04.485898,L-6.5: SSTF in Disk scheduling with Example | Operating System,P_dA8VGJjA8,2018-05-09T06:36:28Z,PT8M30S,289522,5518
320,Microbiology,2022-07-12 12:58:04.485899,Made in India Desi Operating System | ‡§≠‡§æ‡§∞‡§§ ‡§∏‡§∞‡§ï‡§æ‡§∞ ‡§ï‡§æ ‡§¨‡§°‡§º‡§æ ‡§ê‡§≤‡§æ‡§® | Indian Mobile Operating System,yGVAxdkhJdU,2022-01-27T13:45:13Z,PT5M17S,3907,248
321,Microbiology,2022-07-12 12:58:04.485901,2.1- What Is A Process In Operating System In Hindi | NET-GATE - BTech-University Exam OS Lectures,EdOiacz08zk,2019-07-22T04:21:42Z,PT13M11S,33211,722
322,Microbiology,2022-07-12 12:58:04.485903,An operating system wasn‚Äôt found. Try disconnecting any drives that don‚Äôt contain an operating syste,7y2-CQi9RjU,2019-01-28T11:42:19Z,PT2M26S,221535,2010
323,Microbiology,2022-07-12 12:58:04.485904,What If Linux becomes the most popular desktop operating system?: Alternate Tech Universes,64AVpQXr9Lo,2022-01-22T13:00:03Z,PT10M12S,447,28
324,Microbiology,2022-07-12 12:58:04.485905,what is operating system|| common operating system|| #shorts #youtubeshorts,Xm0jf-MzFU8,2022-02-01T13:33:04Z,PT16S,8046,270
325,Microbiology,2022-07-12 12:58:04.485907,.Net Framwork is not supported on this operating system | How to install Dotnet on Windows 10,MhnLnKHfsas,2022-03-31T07:12:32Z,PT9M23S,4195,56
326,Microbiology,2022-07-12 12:58:04.485909,L-6.8: C-SCAN Algorithm in Disk scheduling with Example | Operating System,vLqZ6ZMBkX8,2018-05-10T09:52:09Z,PT5M22S,298420,4862
327,Microbiology,2022-07-12 12:58:04.485910,Mobile operating system kya hai | Operating system |,gIqLEMV90JA,2020-07-02T14:09:18Z,PT3M47S,16283,422
328,Microbiology,2022-07-12 12:58:04.485912,Rajasthan Computer Teacher Vacancy 2021 | Operating System Important MCQs Class-37 By Vipin Sir,wJxwagUjhs0,2021-09-24T01:41:18Z,PT52M6S,3702,155
329,Microbiology,2022-07-12 12:58:04.485913,L-5.25: Least Recently Used  Page Replacement Algorithm | Operating System,dYIoWkCvd6A,2018-04-14T18:12:58Z,PT7M57S,423856,9553
330,Microbiology,2022-07-12 12:58:04.485915,1.1 What Is Operating System?,YwqexcfbucE,2018-04-16T06:26:01Z,PT14M39S,1035013,12501
331,Microbiology,2022-07-12 12:58:04.485916,L-6.7: LOOK Algorithm in Disk scheduling with Example | Operating System,Q2qcqX_hvR0,2018-05-10T05:53:45Z,PT4M28S,258298,4123
332,Microbiology,2022-07-12 12:58:04.485918,I&#39;ve never seen ANYTHING like this before... Temple OS,LtlyeDAJR7A,2020-07-13T16:02:17Z,PT17M57S,3292804,129802
333,Microbiology,2022-07-12 12:58:04.485919,Lecture #3 || Functions of operating system || Tasks of operating system in urdu / Hindi ||CS online,ctOqn8y6CCA,2020-06-23T09:46:33Z,PT23M20S,19448,349
334,Microbiology,2022-07-12 12:58:04.485920,Best Operating System for Low end PC (Fastest Windows OS),CpDn4C8O4jE,2021-09-29T02:30:12Z,PT8M52S,15352,343
335,Microbiology,2022-07-12 12:58:04.485922,BMW iDrive with Operating System 8 | BMW UK,aaYTSplX1uU,2022-03-11T16:01:32Z,PT5M16S,3572,31
336,Microbiology,2022-07-12 12:58:04.485924,‡§≠‡§æ‡§ó-1 Linux Operating System- Introduction -‡§™‡§∞‡§ø‡§ö‡§Ø- in Hindi By Arvind,u6ZH2099sM4,2018-12-08T15:10:57Z,PT13M21S,50147,1099
337,Microbiology,2022-07-12 12:58:04.485925,"VDO, ‡§∞‡§æ‡§ú. ‡§™‡•Å‡§≤‡§ø‡§∏ ‡§ï‡§Æ‡•ç‡§™‡•ç‡§Ø‡•Ç‡§ü‡§∞ ‡§ï‡•ç‡§≤‡§æ‡§∏ -5 ‡•§ Operating System Questions ‡•§ ‡§ë‡§™‡§∞‡•á‡§ü‡§ø‡§Ç‡§ó ‡§∏‡§ø‡§∏‡•ç‡§ü‡§Æ ‡§ï‡•á ‡§™‡•ç‡§∞‡§∂‡•ç‡§®",SGjGvN729BI,2021-11-20T12:30:14Z,PT21M33S,15085,888
338,Microbiology,2022-07-12 12:58:04.485926,How To Make A OPERATING SYSTEM in PYTHON,TxuaPn0wL4s,2021-04-10T00:21:53Z,PT14M42S,43518,838
339,Microbiology,2022-07-12 12:58:04.485928,Operating System Important Topics | Internal Vs. External Fragmentation with Solved Example in Hindi,ESsSd4K98Cg,2021-03-07T18:30:02Z,PT4M43S,17546,446
340,Microbiology,2022-07-12 12:58:04.485929,Operating System and its functions | What is OS | Simple concept | Urdu/Hindi,nPliWrmbOCY,2020-02-03T08:12:16Z,PT9M28S,6240,176
341,Microbiology,2022-07-12 12:58:04.485931,Operating System and GUI- Role and Functions class-8,GFAKuciQYTk,2018-06-01T11:02:52Z,PT5M45S,29351,504
342,Microbiology,2022-07-12 12:58:04.485932,GUI Operating System- An Introduction,vOpYqBFuh9Y,2018-06-01T11:02:37Z,PT11M5S,48333,602
343,Microbiology,2022-07-12 12:58:04.485934,Loading Operating system.... Error Fixed..{ 101% Solved },W4o7nReISMc,2019-07-21T13:36:18Z,PT1M49S,70466,328
344,Microbiology,2022-07-12 12:58:04.485935,Class 10 IT Unit 3 | Functions of Operating System - Operating System | Book Code 402,a10P8F8F-go,2021-09-15T08:45:09Z,PT29M33S,36039,1187
345,Microbiology,2022-07-12 12:58:04.485937,Learn Operating System Full Course in One Video | Full Tutorial for Beginners to Expert [Hindi],aqR2icT3Agg,2020-11-10T06:30:00Z,PT4H1S,120795,3823
346,Microbiology,2022-07-12 12:58:04.485938,"Lec-0: Operating System Syllabus Discussion for all College/University &amp; Comptitive exams (GATE,NET)",bkSWJJZNgf8,2018-07-19T12:26:07Z,PT13M1S,1638470,23491
347,Microbiology,2022-07-12 12:58:04.485940,"FUnctions of operating system in Nepali, computer basic in Nepali",Izyt4NQbdSE,2020-10-05T20:18:52Z,PT21M28S,4150,135
348,Microbiology,2022-07-12 12:58:04.485941,Operating System MCQs | For All Competitive Exams,wvXr1Dv5czI,2022-01-02T12:21:10Z,PT23M50S,94530,4171
349,Microbiology,2022-07-12 12:58:04.485943,Linux VS Unix in hindi|What is Linux Operating System|what is unix operating system,H3nuw1w-X0o,2019-06-28T14:16:16Z,PT2M30S,23380,563
350,Microbiology,2022-07-12 12:58:05.351727,How to Pass/Score OS(Operating System) in 3-4 days | Sem 4 IT,Y0FJISkihZ4,2019-03-20T16:29:29Z,PT6M20S,36053,907
351,Microbiology,2022-07-12 12:58:05.351740,What is the most popular Operating System (O.S.) in the World?,zoWnXys4CoU,2022-05-09T18:00:30Z,PT25S,997,34
352,Microbiology,2022-07-12 12:58:05.351742,Why Linux is best Operating System Ever | Linux Operating System,80riW3b4Fio,2021-09-14T06:06:02Z,PT41S,9032,-1
353,Microbiology,2022-07-12 12:58:05.351743,Browser | Search Engine | Server | http VS https | Operating System | System Software | Application,zedTXnTT8SM,2020-07-02T07:53:52Z,PT15M58S,5790672,228533
354,Microbiology,2022-07-12 12:58:05.351751,Operating SYSTEM Not FOUND NOTEBOOK TELA PRETA mensagem OPERATING SYSTEM NOT FOUND,glm0JkbEd_s,2021-08-27T00:24:31Z,PT8M34S,10771,201
355,Microbiology,2022-07-12 12:58:05.351754,"L-1.4: Types of OS(Real Time OS, Distributed, Clustered &amp; Embedded OS)",YQZbIT9FcUk,2020-08-30T15:15:25Z,PT8M15S,416928,9501
356,Microbiology,2022-07-12 12:58:05.351755,Banker&#39;s Algorithm in operating system|| Operating system in Telugu,xd06ZTI7wBM,2022-05-30T16:38:01Z,PT21M28S,1289,33
357,Microbiology,2022-07-12 12:58:05.351757,1.6- What Is System Programs In Operating System In hindi | System Programs In Operating System,b7Y6QxqPXTU,2019-07-05T03:22:11Z,PT10M8S,24387,514
358,Microbiology,2022-07-12 12:58:05.351758,The Most Operating System Market Share 2003 - 2021 || Data Is Beautiful,0KKXlwaal7E,2021-12-13T07:54:16Z,PT5M3S,9119,132
359,Microbiology,2022-07-12 12:58:05.351760,L-5.23: Belady&#39;s Anomaly in FIFO page Replacement with example | Operating System,pR1uhp--COc,2018-04-12T05:43:23Z,PT12M26S,210647,4558
360,Microbiology,2022-07-12 12:58:05.351762,Why India wants indigenous operating system?,sCUwMcF40K0,2022-02-22T03:30:56Z,PT3M10S,14901,32
361,Microbiology,2022-07-12 12:58:05.351763,single user operating system in hindi | multi user operating system in hindi | example of OS,UeWD7f5fX8Q,2018-12-19T03:02:55Z,PT5M56S,13042,304
362,Microbiology,2022-07-12 12:58:05.351765,1.4- What Is System Calls In Operating System In Hindi | Gate Operating System Lectures in Hindi,xcjne3f2ZL4,2019-07-03T12:23:24Z,PT18M20S,42002,1262
363,Microbiology,2022-07-12 12:58:05.351766,Shortest Job First(SJF) Scheduling Algorithm with example | Operating System,pYO-FAg-TpQ,2019-03-22T08:08:39Z,PT12M58S,416875,6437
364,Microbiology,2022-07-12 12:58:05.351768,L-1.2: Batch Operating System | Types of Operating System,povNcHSasgs,2020-08-26T05:58:51Z,PT7M12S,577210,11720
365,Microbiology,2022-07-12 12:58:05.351770,Hardware &amp; Software || Operating System || by RAKESH SAINI,mjwmE1Znb3g,2021-10-09T16:30:13Z,PT1H16M25S,30385,1561
366,Microbiology,2022-07-12 12:58:05.351771,Lec-4:Operating System Structure in OS | OS in Tamil,FHs3zyHOHDw,2021-06-26T15:57:29Z,PT9M9S,2909,60
367,Microbiology,2022-07-12 12:58:05.351773,What are the Functions of operating System? students Must Know Functions/Roles of Operating system,VHOPYbOvUjc,2022-01-21T09:15:01Z,PT20S,5416,253
368,Microbiology,2022-07-12 12:58:05.351774,Deadlock Detection and Recovery : Wait-for Graph and Banker&#39;s algorithm | Operating System,2-7JGoy52Qo,2019-05-16T06:48:18Z,PT19M26S,124189,2044
369,Microbiology,2022-07-12 12:58:05.351776,L-7.4: Contiguous Allocation in Operating system | Advantages &amp; Disadvantages,XHx-ms5Ldi4,2020-05-23T10:30:04Z,PT12M37S,125097,4255
370,Microbiology,2022-07-12 12:58:05.351777,Class 3- What is Operating System| Types of OS | MS Windows | #operatingsystem #OS #windows #learn,Voc40juG9bU,2020-06-30T14:08:49Z,PT11M10S,6717,106
371,Microbiology,2022-07-12 12:58:05.351779,What is Unix operating system,8CvrJdY_qeI,2018-01-08T13:30:14Z,PT9M23S,29302,253
372,Microbiology,2022-07-12 12:58:05.351780,Operating System Notes for Tech Placements @Apna College,ktP8QsPzKfs,2021-07-14T15:43:20Z,PT3M36S,135297,5213
373,Microbiology,2022-07-12 12:58:05.351781,Operating System in telugu,e0_KOUJQd9g,2016-12-06T05:20:35Z,PT9M12S,184281,2148
374,Microbiology,2022-07-12 12:58:05.351783,Raspberry Pi - How to Install an Operating System on the Raspberry Pi,kPz8DaUfi34,2020-06-19T16:00:13Z,PT24M16S,28206,409
375,Microbiology,2022-07-12 12:58:05.351784,What is EOS? | Entrepreneurial Operating System,NNyY7k8uXLE,2021-05-17T12:10:44Z,PT1M1S,20371,44
376,Microbiology,2022-07-12 12:58:05.351786,Thrashing in Operating System | #computerinstructor#computeranudeshak#operatingsystem,fZQUPpFHBXE,2022-05-21T10:47:01Z,PT12M16S,2893,238
377,Microbiology,2022-07-12 12:58:05.351787,MS-DOS Best 50 Questions/MCQ&#39;s | Disk Operating System | Arora Educator | By-Sachin Arora Sir,_00VpRhNR1I,2021-03-28T02:30:27Z,PT51M15S,26763,1297
378,Microbiology,2022-07-12 12:58:05.351789,Operating System Jobs and Processes,yoKUagj5MxI,2014-04-29T13:19:38Z,PT9M56S,5898,57
379,Microbiology,2022-07-12 12:58:05.351790,Types of operating system in Hindi with notes | Operating System Tutorials Hindi - 04,SNFTwIhQx94,2021-11-08T09:31:18Z,PT8M16S,18493,451
380,Microbiology,2022-07-12 12:58:05.351792,What is Distributed System  and its advantages | Operating system for beginners | #operatingsystem,IM3wDoe0P4E,2021-07-26T07:54:06Z,PT12M49S,544,23
381,Microbiology,2022-07-12 12:58:05.351793,BHP Operating System,ygRVHCxnYtI,2020-11-11T00:44:03Z,PT2M27S,2885,-1
382,Microbiology,2022-07-12 12:58:05.351795,L-5.8: Need of Paging | Memory Management | Operating System,I2TbCGNv1xQ,2018-03-31T13:41:42Z,PT14M20S,342962,8086
383,Microbiology,2022-07-12 12:58:05.351796,OPERATING SYSTEM CheatSheet &amp; Notes | Complete OS for Placement/Interviews | Best Material Challenge,SWBjv-GU3VQ,2020-11-21T15:18:21Z,PT4M8S,188890,12734
384,Microbiology,2022-07-12 12:58:05.351798,Types of Operating System | Batch Operating System,jn8NyLdht9c,2021-02-11T04:30:07Z,PT14M15S,33496,627
385,Microbiology,2022-07-12 12:58:05.351799,OPERATING SYSTEM SERVICES || SERVICES PROVIDED BY OPERATING SYSTEMS,9NpisfXy16o,2022-05-09T13:00:14Z,PT18M28S,2210,81
386,Microbiology,2022-07-12 12:58:05.351801,This New Indian Operating system *Shocked* Everyone! Try now Made in India BOSS OS,6KKQGA3dIis,2022-07-06T10:30:01Z,PT3M42S,15448,1197
387,Microbiology,2022-07-12 12:58:05.351802,L-5.9: What is Paging | Memory management |  Operating System,6c-mOFZwP_8,2018-04-02T13:36:55Z,PT25M54S,824255,18041
388,Microbiology,2022-07-12 12:58:05.351803,Descriptive answer of the operating system of the senior computer entrance exam 98  and 2,SdV5WBtfs20,2022-07-09T01:34:28Z,PT1H7M58S,41031,0
389,Microbiology,2022-07-12 12:58:05.351805,2. Introduction of OS - Definition | Basics of Operating System [Hindi/Urdu],WmDB8xEfA5U,2019-04-30T02:30:00Z,PT8M1S,138327,3814
390,Microbiology,2022-07-12 12:58:05.351806,Reboot Computer - Restoring the operating system.,wS_b-0aDPHU,2010-02-21T03:29:28Z,PT9M45S,23683,50
391,Microbiology,2022-07-12 12:58:05.351808,02- Characteristics Of An Operating System In HINDI | Features Of An Operating System In HINDI,3zhoAq37y48,2017-09-01T04:49:19Z,PT9M24S,19663,212
392,Microbiology,2022-07-12 12:58:05.351810,Multiprogramming Operating System and Multitasking Operating System | Types of Operating System,yEVbI3MnFpw,2021-02-15T14:33:12Z,PT11M51S,38228,958
393,Microbiology,2022-07-12 12:58:05.351811,Computer Science  ( Operating System) Most Imp Questions For Hsc Board Exam 2020,mg7oUi1AbaU,2020-03-02T16:55:24Z,PT17M22S,28611,1312
394,Microbiology,2022-07-12 12:58:05.351813,L-3.1: Process Synchronization | Process Types | Race Condition | Operating System-1,3Eaw1SSIqRg,2018-02-26T09:22:19Z,PT17M2S,743892,19188
395,Microbiology,2022-07-12 12:58:05.351814,SIN FORMATEAR - Solucionar operating system not found,pAowGoMw5DY,2020-06-12T00:45:02Z,PT8M37S,52385,628
396,Microbiology,2022-07-12 12:58:05.351816,L-1.6: Imp Linux Commands(Operating System) | Must Watch for College/University &amp; Competitive exams,-Mq8Mm_NGxI,2019-11-24T09:30:00Z,PT10M58S,283403,5852
397,Microbiology,2022-07-12 12:58:05.351817,Shortest Remaining Time First(SRTF) Scheduling Algorithm with Example | Operating System,_QcX99B-zbU,2019-03-23T07:16:06Z,PT15M16S,312236,4970
398,Microbiology,2022-07-12 12:58:05.351819,11.  Types of OS - Network Operating System | Basics of Operating System [Hindi/Urdu],9TA53YdEfXo,2019-05-16T02:30:00Z,PT8M50S,45935,1145
399,Microbiology,2022-07-12 12:58:05.351820,Concept AR OS - Alternative Operating System,70ukrAri1XA,2022-06-30T15:15:13Z,PT7M43S,75909,3793
400,Microbiology,2022-07-12 12:58:06.090810,Computer Anudeshak Bharti |Computer Teacher | Operating System |Computer Anudeshak Free Classes |L-2,lkSzznGBbG0,2021-08-03T04:43:43Z,PT1H4M11S,4606,204
401,Microbiology,2022-07-12 12:58:06.090822,What is EOS? | Entrepreneurial Operating System,NNyY7k8uXLE,2021-05-17T12:10:44Z,PT1M1S,20371,44
402,Microbiology,2022-07-12 12:58:06.090824,MS-DOS Best 50 Questions/MCQ&#39;s | Disk Operating System | Arora Educator | By-Sachin Arora Sir,_00VpRhNR1I,2021-03-28T02:30:27Z,PT51M15S,26763,1297
403,Microbiology,2022-07-12 12:58:06.090825,#47 - A Candid Review of the Entrepreneurial Operating System (EOS),Wc4dc0JUbnc,2019-11-26T01:52:11Z,PT37M42S,2645,18
404,Microbiology,2022-07-12 12:58:06.090827,Types of operating system in Hindi with notes | Operating System Tutorials Hindi - 04,SNFTwIhQx94,2021-11-08T09:31:18Z,PT8M16S,18493,451
405,Microbiology,2022-07-12 12:58:06.090830,Windows 8.1 Choose an Operating System - Set To Default Operating System,_Hun_HRrxA4,2017-10-07T11:11:23Z,PT2M39S,7012,137
406,Microbiology,2022-07-12 12:58:06.090832,L-5.9: What is Paging | Memory management |  Operating System,6c-mOFZwP_8,2018-04-02T13:36:55Z,PT25M54S,824255,18041
407,Microbiology,2022-07-12 12:58:06.090834,BHP Operating System,ygRVHCxnYtI,2020-11-11T00:44:03Z,PT2M27S,2885,-1
408,Microbiology,2022-07-12 12:58:06.090836,L-5.8: Need of Paging | Memory Management | Operating System,I2TbCGNv1xQ,2018-03-31T13:41:42Z,PT14M20S,342962,8086
409,Microbiology,2022-07-12 12:58:06.090838,How to Pass/Score in Operating System (OS) Sem-4 Computer | Mumbai University,LSOLowCUibY,2022-05-21T12:33:51Z,PT4M39S,1809,63
410,Microbiology,2022-07-12 12:58:06.090839,OPERATING SYSTEM CheatSheet &amp; Notes | Complete OS for Placement/Interviews | Best Material Challenge,SWBjv-GU3VQ,2020-11-21T15:18:21Z,PT4M8S,188890,12734
411,Microbiology,2022-07-12 12:58:06.090841,Types of Operating System | Batch Operating System,jn8NyLdht9c,2021-02-11T04:30:07Z,PT14M15S,33496,627
412,Microbiology,2022-07-12 12:58:06.090843,This New Indian Operating system *Shocked* Everyone! Try now Made in India BOSS OS,6KKQGA3dIis,2022-07-06T10:30:01Z,PT3M42S,15448,1197
413,Microbiology,2022-07-12 12:58:06.090844,OPERATING SYSTEM SERVICES || SERVICES PROVIDED BY OPERATING SYSTEMS,9NpisfXy16o,2022-05-09T13:00:14Z,PT18M28S,2210,81
414,Microbiology,2022-07-12 12:58:06.090846,Reboot Computer - Restoring the operating system.,wS_b-0aDPHU,2010-02-21T03:29:28Z,PT9M45S,23683,50
415,Microbiology,2022-07-12 12:58:06.090847,2. Introduction of OS - Definition | Basics of Operating System [Hindi/Urdu],WmDB8xEfA5U,2019-04-30T02:30:00Z,PT8M1S,138327,3814
416,Microbiology,2022-07-12 12:58:06.090849,Descriptive answer of the operating system of the senior computer entrance exam 98  and 2,SdV5WBtfs20,2022-07-09T01:34:28Z,PT1H7M58S,41031,0
417,Microbiology,2022-07-12 12:58:06.090851,Operating system important questions for exams || semester exams || important questions,UIngYLrKe-s,2021-07-17T04:30:03Z,PT16M41S,21996,609
418,Microbiology,2022-07-12 12:58:06.090852,Download Older Version of mac Operating System Direct from Apple |Download previous macOS installers,AUZCwJeWwPw,2022-01-08T11:18:45Z,PT7M1S,10629,132
419,Microbiology,2022-07-12 12:58:06.090854,02- Characteristics Of An Operating System In HINDI | Features Of An Operating System In HINDI,3zhoAq37y48,2017-09-01T04:49:19Z,PT9M24S,19663,212
420,Microbiology,2022-07-12 12:58:06.090856,Multiprogramming Operating System and Multitasking Operating System | Types of Operating System,yEVbI3MnFpw,2021-02-15T14:33:12Z,PT11M51S,38228,958
421,Microbiology,2022-07-12 12:58:06.090857,Computer Science  ( Operating System) Most Imp Questions For Hsc Board Exam 2020,mg7oUi1AbaU,2020-03-02T16:55:24Z,PT17M22S,28611,1312
422,Microbiology,2022-07-12 12:58:06.090859,L-1.6: Imp Linux Commands(Operating System) | Must Watch for College/University &amp; Competitive exams,-Mq8Mm_NGxI,2019-11-24T09:30:00Z,PT10M58S,283403,5852
423,Microbiology,2022-07-12 12:58:06.090861,SIN FORMATEAR - Solucionar operating system not found,pAowGoMw5DY,2020-06-12T00:45:02Z,PT8M37S,52385,628
424,Microbiology,2022-07-12 12:58:06.090863,L-3.1: Process Synchronization | Process Types | Race Condition | Operating System-1,3Eaw1SSIqRg,2018-02-26T09:22:19Z,PT17M2S,743892,19188
425,Microbiology,2022-07-12 12:58:06.090864,Shortest Remaining Time First(SRTF) Scheduling Algorithm with Example | Operating System,_QcX99B-zbU,2019-03-23T07:16:06Z,PT15M16S,312236,4970
426,Microbiology,2022-07-12 12:58:06.090866,Fix Operating System Not Found Error,2moy9tNrwpA,2021-08-15T19:07:13Z,PT13S,3565,172
427,Microbiology,2022-07-12 12:58:06.090867,How to install Operating system on RAM?,b8UyP6YcNjE,2020-09-04T21:02:31Z,PT9M10S,1161,45
428,Microbiology,2022-07-12 12:58:06.090869,Concept AR OS - Alternative Operating System,70ukrAri1XA,2022-06-30T15:15:13Z,PT7M43S,75909,3793
429,Microbiology,2022-07-12 12:58:06.090871,11.  Types of OS - Network Operating System | Basics of Operating System [Hindi/Urdu],9TA53YdEfXo,2019-05-16T02:30:00Z,PT8M50S,45935,1145
430,Microbiology,2022-07-12 12:58:06.090872,"100% FIXED -Boot Device Not Found, Please Install An Operating System On Your Hard Disk (3F0)English",2iJy6jR9bwU,2022-06-13T11:43:12Z,PT2M55S,7290,83
431,Microbiology,2022-07-12 12:58:06.090874,Computer Anudeshak Bharti |Computer Teacher | Operating System |Computer Anudeshak Free Classes |L-1,NCF--ZekEII,2021-08-02T04:41:25Z,PT1H6M3S,20139,756
432,Microbiology,2022-07-12 12:58:06.090875,MISSING operating system AO LIGAR NOTEBOOK / COMPUTADOR,_78IcHdg5f8,2021-04-01T18:06:48Z,PT3M37S,12260,557
433,Microbiology,2022-07-12 12:58:06.090877,Internet of Things (IOT) | Operating System LEC 27,Yh_3kl0a_uo,2020-04-30T13:48:41Z,PT6M38S,672,16
434,Microbiology,2022-07-12 12:58:06.090878,what is kernel in operating system ? #shorts #bydubebox #kernel,8I-8p88uaYw,2021-10-25T13:57:31Z,PT16S,1167,41
435,Microbiology,2022-07-12 12:58:06.090880,Use any Operating System in your Browser Without Installing #Shorts,XVAXT1RaFV4,2022-02-18T03:32:01Z,PT38S,1121,56
436,Microbiology,2022-07-12 12:58:06.090882,TempleOS | Down the Rabbit Hole,UCgoxQCf5Jg,2018-12-22T16:51:20Z,PT1H25M52S,6204159,166922
437,Microbiology,2022-07-12 12:58:06.090883,Page replacement Introduction| FIFO page replacement algorithm with example| Operating System,FWoMSiMep80,2019-05-30T09:37:47Z,PT20M27S,157789,3429
438,Microbiology,2022-07-12 12:58:06.090885,How to: Test an operating system.,I12HnKz-1xQ,2012-11-06T13:28:29Z,PT9M34S,2642,14
439,Microbiology,2022-07-12 12:58:06.090886,[9]  COMPUTER HARDWARE AND SOFTWARE || OPERATING SYSTEM || COMPUTER LANGUAGE,1Gi-GYOZmKQ,2022-03-29T16:18:44Z,PT1H37M5S,60422,2131
440,Microbiology,2022-07-12 12:58:06.090887,OPERATING SYSTEM: MESSAGE PASSING (INDIRECT COMMUNICATION),oWLoN2FqVSM,2019-01-05T07:36:12Z,PT3M21S,2671,32
441,Microbiology,2022-07-12 12:58:06.090889,What is Operating System With Full Information? - [Hindi] ‚Äì Quick Support,PU9O3shK4wc,2020-12-01T10:03:46Z,PT9M16S,445846,17608
442,Microbiology,2022-07-12 12:58:06.090891,Operating System Services,q7SqTVrdmUM,2021-09-18T11:30:07Z,PT8M25S,18484,413
443,Microbiology,2022-07-12 12:58:06.090892,Master Class || Computer || Operating System || Preeti Ma&#39;am || 28th June @8AM,iWET9-DTp3Y,2020-06-28T05:35:38Z,PT2H39M28S,309682,10334
444,Microbiology,2022-07-12 12:58:06.090894,KCS 401 Operating System | Intro | Unit 1 Part 3 | AKTU,GaX-9lTvqLQ,2022-05-08T10:36:36Z,PT18M42S,36048,1363
445,Microbiology,2022-07-12 12:58:06.090895,L-5.12: Page Table Entries | Format of Page Table | Operating System,JyPMJnnkNmQ,2018-04-11T05:10:48Z,PT10M39S,217512,4861
446,Microbiology,2022-07-12 12:58:06.090897,what is operating system in malayalam ?types of OS.what is software? types of software.,G2yQyxnu2SE,2021-02-12T01:30:00Z,PT8M39S,9841,-1
447,Microbiology,2022-07-12 12:58:06.090898,Operating System Part I  |  GramaSachivalayam Digital Assistants 2020 Tutorial | Telugu Web Guru,zo9Bs1CRmQk,2020-07-07T14:40:32Z,PT20M13S,11984,249
448,Microbiology,2022-07-12 12:58:06.090900,BMW Operating System 8 - Remote Software Upgrade Installation - BMW How-To,mME39cwPUHM,2022-01-14T11:42:01Z,PT1M42S,13955,1214
449,Microbiology,2022-07-12 12:58:06.090902,Windows 11 Difficulty of upgrading and understanding a new operating system,VUCdWMs5sbI,2021-12-23T20:26:36Z,PT7M32S,2769,218
450,Microbiology,2022-07-12 12:58:06.921680,what is operating system ?‡≤Ü‡≤™‡≤∞‡≥Ü‡≥ï‡≤ü‡≤ø‡≤Ç‡≤ó‡≥ç ‡≤∏‡≤ø‡≤∏‡≥ç‡≤ü‡≤Æ‡≥ç  ‡≤é‡≤Ç‡≤¶‡≤∞‡≥á‡≤®‡≥Å? in kannada (‡≤ï‡≤®‡≥ç‡≤®‡≤°‡≤¶‡≤≤‡≥ç‡≤≤‡≤ø),vvCyUyEJJoI,2015-11-09T01:38:14Z,PT6M14S,62756,1909
451,Microbiology,2022-07-12 12:58:06.921691,How To Clone Your Operating System Drive To A Samsung SSD Using Samsung&#39;s Migration Software,AvJpAnQeHws,2018-05-08T16:15:01Z,PT6M41S,371602,3911
452,Microbiology,2022-07-12 12:58:06.921693,Cara Mengatasi Operating System Not Found,4_HkGhqCpBg,2020-11-13T05:38:36Z,PT4M8S,16609,292
453,Microbiology,2022-07-12 12:58:06.921694,Time Sharing Operating System in ‡Æ§‡ÆÆ‡Æø‡Æ¥‡Øç / KrishDev Technologies,zwZP4ZNNelQ,2020-06-25T10:55:26Z,PT6M49S,979,44
454,Microbiology,2022-07-12 12:58:06.921696,Operating System not found - Sistema operativo no encontrado  Soluci√≥n!,0HR4S4gBxzU,2020-04-27T00:10:56Z,PT2M19S,61360,799
455,Microbiology,2022-07-12 12:58:06.921698,MISSING OPERATING SYSTEM,xVown7-3XrE,2019-02-25T19:42:48Z,PT3M56S,48576,903
456,Microbiology,2022-07-12 12:58:06.921699,#operatingsystem #popular #most #desktop #laptop Most Popular Operating Systems(Desktop &amp; Laptop),V4iosJmGI9s,2020-04-26T09:07:20Z,PT1M7S,590,71
457,Microbiology,2022-07-12 12:58:06.921701,My First CSC450 (Principles of Operating System) Class,5S8tqIQMlQ8,2022-04-04T08:40:02Z,PT9S,1907,44
458,Microbiology,2022-07-12 12:58:06.921702,ÿ≠ŸÑ ŸÖÿ¥ŸÉŸÑÿ© operating system not found Ÿà no bootable device found ÿ≠ŸÑ ÿ¥ÿßŸÖŸÑ ŸÖÿ¥ŸÉŸÑÿ© ÿπÿØŸÖ Ÿàÿ¨ŸàÿØ ŸàŸäŸÜÿØŸàÿ≤,ym11l_N4eyg,2020-12-09T16:08:22Z,PT12M21S,68418,1060
459,Microbiology,2022-07-12 12:58:06.921704,An operating system wasn&#39;t found –æ—à–∏–±–∫–∞ –ø—Ä–∏ –∑–∞–≥—Ä—É–∑–∫–µ Windows 10,bWQz-AKY8FY,2020-10-17T16:57:14Z,PT8M2S,54156,814
460,Microbiology,2022-07-12 12:58:06.921705,Como Resolver Operating System Not Found,RNauYnDTFr4,2020-08-06T22:14:38Z,PT4M40S,86110,2379
461,Microbiology,2022-07-12 12:58:06.921707,What is Operating System in Telugu | What is OS | Operating System Explained |  | in Telugu,A7Jr9WBCYfM,2019-11-30T18:29:08Z,PT6M42S,50563,1430
462,Microbiology,2022-07-12 12:58:06.921725,L-4.3: Multi-Instance Resource Allocation Graph with Example | Operating System,hJhB2ddOQtg,2018-03-19T11:10:51Z,PT21M42S,242827,7553
463,Microbiology,2022-07-12 12:58:06.921729,Introduction to Operating System| Functions of Operating System in Hindi Lec-1,LyihW1Wk7Dk,2018-12-01T12:56:41Z,PT18M20S,60984,1528
464,Microbiology,2022-07-12 12:58:06.921730,How To Fix SolidWorks The Operating System Is Not Presently Configured To Run This Application Error,Ks4BK4Rfq44,2020-09-22T11:29:42Z,PT1M30S,12847,157
465,Microbiology,2022-07-12 12:58:06.921732,Computer Operating System Part-1 | Computer by Sachin Sir | Arora Educator,7kKart_SIeA,2020-12-12T23:26:29Z,PT48M20S,97558,4911
466,Microbiology,2022-07-12 12:58:06.921733,Windows Operating System ‡§ï‡•á ‡§¨‡§æ‡§∞‡•á ‡§Æ‡•á‡§Ç ‡§Ø‡§π ‡§ö‡•Ä‡•õ ‡§ú‡§æ‡§® ‡§≤‡•ã | What is window operating system | windows os |,tnc7B1AI6KQ,2022-07-11T13:34:53Z,PT17M14S,23,1
467,Microbiology,2022-07-12 12:58:06.921738,Operating System Chapter 11 IT Class 9 | Information &amp; Communication Technology Skill Class 9 IT 402,gRIt8q-kWYY,2021-02-26T15:00:13Z,PT13M58S,19701,551
468,Microbiology,2022-07-12 12:58:06.921739,What is Operating system/ Types of Operating system Tamil,Slg10nuOwhQ,2020-06-20T19:38:07Z,PT4M40S,22986,463
469,Microbiology,2022-07-12 12:58:06.921741,L-2: Services of operating system | Uses of operating system | #operatingsystem #services #uses #os,AoNlBsGtdsk,2022-07-01T08:43:02Z,PT7M37S,44,15
470,Microbiology,2022-07-12 12:58:06.921743,How To Change Language In Windows 10 Operating System,c2JYjNvvY4s,2016-10-27T16:00:04Z,PT3M48S,1321856,7077
471,Microbiology,2022-07-12 12:58:06.921744,Introduction To Real Time Operating System Part -1 Explained in Hindi l ERTOS Course,v7r1Yn3sr-g,2020-04-10T12:52:42Z,PT7M33S,63105,1402
472,Microbiology,2022-07-12 12:58:06.921746,Operating System ‡§ï‡•ç‡§Ø‡§æ ‡§π‡•ã‡§§‡§æ ‡§π‡•à ? || Role of Operating System in Computer [Hindi] || Computer Gyan,qlYRJru9ufI,2020-07-22T11:30:03Z,PT5M3S,113232,5551
473,Microbiology,2022-07-12 12:58:06.921747,How to delete Dual Boot Operating System ? | #hardware  | #OS | #software | #windows,u3y2nBG6rqM,2022-06-28T11:43:44Z,PT2M18S,24,11
474,Microbiology,2022-07-12 12:58:06.921748,History of Android Operating System,CHgQhwpaoss,2020-01-26T00:18:06Z,PT6M54S,2472,32
475,Microbiology,2022-07-12 12:58:06.921750,OPERATING SYSTEM MCQs II JKSSB COMPUTER AWARENESS BY TANIYA MA&#39;AM,2TokbbpJi5E,2021-04-17T13:30:15Z,PT22M,243542,10524
476,Microbiology,2022-07-12 12:58:06.921751,Fix Missing Operating System Not Found error in Windows,6tTS29uTbkM,2021-09-18T13:11:34Z,PT1M57S,3763,19
477,Microbiology,2022-07-12 12:58:06.921753,How to Transfer Operating System and System Data to External Hard Drive (Complete Tutorial),BZ-Lug4IlHY,2018-03-04T11:05:06Z,PT11M1S,25412,234
478,Microbiology,2022-07-12 12:58:06.921754,"Operating System in Nepali, Operating System importance, function in Nepali #operatingsystem _nepali",asnNqEp0OK4,2019-08-17T14:12:49Z,PT39M45S,2945,95
479,Microbiology,2022-07-12 12:58:06.921756,L-5.14: Inverted paging | Memory Management | Operating System,spApKfUa8BI,2018-04-21T04:18:53Z,PT10M35S,210188,4213
480,Microbiology,2022-07-12 12:58:06.921757,Restore Mac OS or Re-install Mac Os Using Internet Recovery for Mac Operating System,YkUGYjB4BpI,2020-02-11T22:47:31Z,PT3M24S,508406,4590
481,Microbiology,2022-07-12 12:58:06.921759,Begini Cara Mengatasi Operating System Not Found,UaZF332XHQY,2020-08-25T02:12:45Z,PT4M16S,30859,388
482,Microbiology,2022-07-12 12:58:06.921760,BMW Neues Multimedia - Operating System 8 (OS8) | Tutorial &amp; Review,ZGzN-xdg8Vg,2022-03-27T14:00:23Z,PT9M49S,9044,118
483,Microbiology,2022-07-12 12:58:06.921761,L-7.5: Linked List allocation in file allocation with example | Operating system,irGdM3iIS54,2020-06-01T16:52:48Z,PT10M55S,112784,3760
484,Microbiology,2022-07-12 12:58:06.921763,Computer Class | Computer Operating System | Computer for Competitive Exams | Computer by Preeti Mam,8OKCjPcJ8sk,2022-03-29T08:31:31Z,PT55M20S,20413,1628
485,Microbiology,2022-07-12 12:58:06.921768,COMO SOLUCIONAR/REPARAR ERROR 1962! NO OPERATING SYSTEM FOUND (LENOVO PC) SOLUCI√ìN 2018,xwyocOtyTRo,2018-12-03T22:48:22Z,PT1M39S,124298,1017
486,Microbiology,2022-07-12 12:58:06.921770,"Lecture 3: Operating System, It&#39;s Functions &amp; Related Terms by Anjum Sir for JKSSB Exams",5wPr2RZkFbU,2021-04-17T09:30:16Z,PT36M9S,92999,3109
487,Microbiology,2022-07-12 12:58:06.921771,System Calls in Operating System || Types of system Calls || Operating System,d3aCjfuMCIU,2021-09-25T15:49:42Z,PT10M20S,14675,345
488,Microbiology,2022-07-12 12:58:06.921773,BMW New Multimedia Infotainment Operating System 7 &amp; Digital Cockpit Review 2021,T5BMabc0cjk,2020-12-07T21:28:46Z,PT20M48S,15887,104
489,Microbiology,2022-07-12 12:58:06.921774,How to Figure Out What Operating System You Have for Mac,092uTOtqPD0,2012-03-26T21:08:22Z,PT56S,15832,44
490,Microbiology,2022-07-12 12:58:06.921776,Avi Liran - Delight Operating System,YUI0TbWJ-Kw,2015-09-18T10:03:12Z,PT18M14S,9562,191
491,Microbiology,2022-07-12 12:58:06.921777,Deadlock In Operating System | Necessary Condition for Deadlock | Explain in Hindi,meCBj2PboB4,2021-06-18T08:41:47Z,PT9M13S,53880,1741
492,Microbiology,2022-07-12 12:58:06.921778,The Best Operating System for Raspberry Pi 4,w_BoxHZ1Tvk,2020-12-26T14:07:58Z,PT12M14S,5570,88
493,Microbiology,2022-07-12 12:58:06.921780,How to program an Operating System! (Real),pU2Y0NdqZys,2009-04-11T22:14:58Z,PT8M35S,83049,288
494,Microbiology,2022-07-12 12:58:06.921781,How to use VirtualBox to Install a guest operating system,ABIyyk8yFHY,2016-11-01T22:20:27Z,PT32M9S,2950,36
495,Microbiology,2022-07-12 12:58:06.921783,STIK2044 OPERATING SYSTEM (Group B)- Individual Assignment 2,TCxuGTJrggE,2022-07-06T16:31:05Z,PT6M26S,18,1
496,Microbiology,2022-07-12 12:58:06.921784,C-SCAN || Disk Scheduling || #operatingsystem #nepalilanguage,bQBB4wn9Amk,2022-07-12T01:37:47Z,PT12M34S,19,0
497,Microbiology,2022-07-12 12:58:06.921786,Linux &amp; Unix MCQs Solution | Linux Questions | Unix Questions | Operating System Questions,aYXidwoYeBY,2022-07-05T08:00:11Z,PT35M21S,2619,264
498,Microbiology,2022-07-12 12:58:06.921787,Write your own Operating System 12: Graphics Mode (VGA),N68cYNWZgy8,2016-06-11T08:43:30Z,PT1H1M26S,17037,385
499,Microbiology,2022-07-12 12:58:06.921789,L-5: Real time Operating System | RTOS | Soft VS Hard RTOS | Types of OS #operatingsystem #os #rtos,6yjYyekxK6A,2022-07-05T10:38:36Z,PT12M40S,16,6
500,Microbiology,2022-07-12 12:58:07.815880,Linux &amp; Unix MCQs Solution | Linux Questions | Unix Questions | Operating System Questions,aYXidwoYeBY,2022-07-05T08:00:11Z,PT35M21S,2619,264
501,Microbiology,2022-07-12 12:58:07.815891,L-5: Real time Operating System | RTOS | Soft VS Hard RTOS | Types of OS #operatingsystem #os #rtos,6yjYyekxK6A,2022-07-05T10:38:36Z,PT12M40S,16,6
502,Microbiology,2022-07-12 12:58:07.815892,Introduction To operating System (@Computer Science Learners with Saddam ),nX3SbSGGI_I,2022-07-05T13:56:02Z,PT11M1S,61,22
503,Microbiology,2022-07-12 12:58:07.815894,System Calls in Operating System || Types of system Calls || Operating System,d3aCjfuMCIU,2021-09-25T15:49:42Z,PT10M20S,14675,345
504,Microbiology,2022-07-12 12:58:07.815896,Operating System Mockups #9: Hyperion&#39;s Gate | SectorWire,6pfHALGp5io,2022-07-01T08:33:44Z,PT31M12S,945,33
505,Microbiology,2022-07-12 12:58:07.815897,Como deixar seu Windows mais bonito #windows #computador #pc #dicas #tecnologia,fekveGZZFQo,2022-07-06T18:14:56Z,PT47S,21519,2138
506,Microbiology,2022-07-12 12:58:07.815899,COMPUTER ANUDESHAK BHARTI | COMPUTER OPERATING SYSTEM | IMPORTANT QUESTION | COMPUTER BY VIPIN SIR,B7ewLG9_hbE,2022-04-23T05:17:21Z,PT1H46M51S,6285,381
507,Microbiology,2022-07-12 12:58:07.815900,JKSSB (19) / COMPUTER - OPERATING SYSTEM by AAFAQ SIR,ypOhyjfpxEs,2021-03-15T14:38:32Z,PT38M50S,42477,1078
508,Microbiology,2022-07-12 12:58:07.815902,SCAN(Elevator) || Disk Scheduling || #operatingsystem #nepalilanguage,j9dG4021rFA,2022-07-10T07:12:08Z,PT9M52S,54,2
509,Microbiology,2022-07-12 12:58:07.815903,Deadlock In Operating System | Necessary Condition for Deadlock | Explain in Hindi,meCBj2PboB4,2021-06-18T08:41:47Z,PT9M13S,53880,1741
510,Microbiology,2022-07-12 12:58:07.815905,What is Operating System in Telugu | What is OS | Operating System Explained |  | in Telugu,A7Jr9WBCYfM,2019-11-30T18:29:08Z,PT6M42S,50563,1430
511,Microbiology,2022-07-12 12:58:07.815906,An Operating System for Your Evolving Body,yhk7YTapbuQ,2022-07-07T20:09:44Z,PT8M55S,105,6
512,Microbiology,2022-07-12 12:58:07.815908,OPERATING SYSTEM II COMPUTER AND TELECOMMUNICATIONS I JKPSC ARCS II JKSSB EXAMS,WiWAEF1AD_Q,2021-09-04T04:30:10Z,PT54M9S,26279,1027
513,Microbiology,2022-07-12 12:58:07.815910,Black Arch | worlds best hacking operating system üòç,8cIW2w9abQE,2022-07-10T04:50:15Z,PT12S,313,33
514,Microbiology,2022-07-12 12:58:07.815911,Shortest Seek Time First(SSTF) || Disk Scheduling || #operatingsystem #nepalilanguage,1RXhvLfRcD0,2022-07-09T02:32:52Z,PT11M45S,47,1
515,Microbiology,2022-07-12 12:58:07.815912,Which is best operating system windows 11 or windows 10 ?,8phl43celrI,2022-07-04T09:26:55Z,PT7M5S,69,5
516,Microbiology,2022-07-12 12:58:07.815914,Operating System,IpMB_r6PPSY,2022-07-11T14:53:06Z,PT1M1S,4,1
517,Microbiology,2022-07-12 12:58:07.815915,Using windows operating system without  GUI for shutdown and remote shutdown operations,BEfKwW75MH4,2022-07-11T18:46:37Z,PT1M40S,16,1
518,Microbiology,2022-07-12 12:58:07.815917,What is Paging | Memory management | Operating System,y-olhzQgv_E,2022-07-12T12:10:38Z,PT3M46S,3,0
519,Microbiology,2022-07-12 12:58:07.815918,Best OS(Operating System) For Hacking  - HTPMR,lTc82Wk5sss,2022-07-09T16:38:30Z,PT4S,29,0
520,Microbiology,2022-07-12 12:58:07.815920,1.1- What Is An Operating System In Hindi | Why We Need Operating System In Hindi | OS Lectures,lKW06HMS7rc,2019-07-02T11:53:54Z,PT35M57S,41727,1316
521,Microbiology,2022-07-12 12:58:07.815921,What ls Operating System  | Operating System in Hindi | By target with knowledge onlineclasses,uTp6KydqpKo,2019-06-25T19:22:08Z,PT8M39S,184873,4850
522,Microbiology,2022-07-12 12:58:07.815923,Computer Anudeshak || Operating System || Sanjay Sir |Pathshala Classes Jaipur,WjCPMlRbcJw,2022-06-11T17:43:05Z,PT1H34M5S,27005,1522
523,Microbiology,2022-07-12 12:58:07.815924,Operating System !! Windows !! July Exam  ‡§Æ‡•á‡§Ç ‡§Ø‡§π‡§æ‡§Å ‡§∏‡•á 5 question ‡§™‡§ï‡•ç‚Äç‡§ï‡•á !! part-2,hzgK_NYxufY,2022-07-08T16:08:36Z,PT31M22S,1219,148
524,Microbiology,2022-07-12 12:58:07.815926,‡§ú‡•ç‡§Ø‡§æ‡§¶‡§æ‡§§‡§∞ ‡•û‡•ã‡§® ‡§ï‡§æ operating system  ‡§è‡§Ç‡§°‡•ç‡§∞‡•â‡§Ø‡§° ‡§π‡•Ä ‡§ï‡•ç‡§Ø‡•ã‡§Ç ‡§π‡•ã‡§§‡§æ ‡§π‡•à ? #shorts,Swcr16UX1zU,2022-07-10T15:40:00Z,PT41S,1145,89
525,Microbiology,2022-07-12 12:58:07.815927,What Is An Operating System? Coding For Kids - Tinkerly #shorts,VgK21kj6vM4,2022-07-12T09:51:41Z,PT35S,17,3
526,Microbiology,2022-07-12 12:58:07.815929,Computer Foundation Complete course Class3|What is operating system?|In Urdu|Numan Shabeer Official|,4N4nZy4CQ1c,2022-07-07T18:57:49Z,PT7M4S,106,43
527,Microbiology,2022-07-12 12:58:07.815931,Introduction to Operating System# Computer System Organization Interrupt Handling computer System,q1lfqaui7Ek,2022-07-10T10:35:23Z,PT9M54S,0,0
528,Microbiology,2022-07-12 12:58:07.815933,Dubb Sales Operating System - The Only System You Will Ever Need,ZSZNcdAmP_U,2022-07-11T17:33:57Z,PT51S,233,6
529,Microbiology,2022-07-12 12:58:07.815934,How to remove an operating system from boot menu in Windows | In Bangla (English Subtitles),7hLfssWnj8E,2022-07-10T19:27:12Z,PT1M44S,4,2
530,Microbiology,2022-07-12 12:58:07.815935,Types of operating System Part 1 (@Computer Science Learners with Saddam),zaZdyU9L0v4,2022-07-12T12:42:28Z,PT11M37S,3,0
531,Microbiology,2022-07-12 12:58:07.815937,First come First Serve(FCFS) || Disk Scheduling || #operatingsystem #nepalilanguage,UQhXo4NQJ1s,2022-07-08T07:49:25Z,PT19M9S,148,6
532,Microbiology,2022-07-12 12:58:07.815938,BCom I Year II Sem | CFOS II | Unit 1 Operating System | SGBAU | Kedia Commerce Classes | Lecture 2,uBdIIXMLmtw,2022-07-06T02:30:13Z,PT38M16S,178,6
533,Microbiology,2022-07-12 12:58:07.815940,Operating System !! Windows !! July Exam ‡§Æ‡•á‡§Ç  question ‡§™‡§ï‡•ç‚Äç‡§ï‡•á !! May Exam ‡§Æ‡•á‡§Ç ‡§Ø‡§π‡§æ‡§Å ‡§∏‡•á 5 question ‡§•‡•á,epjFkYxZ2Mw,2022-07-07T16:39:16Z,PT54M59S,2249,209
534,Microbiology,2022-07-12 12:58:07.815941,The Concept of Operating System,UhJqJU0AcZo,2022-07-12T01:32:31Z,PT4M33S,2,-1
535,Microbiology,2022-07-12 12:58:07.815942,know your all system details by one command in windows pc,FhfClH9ONJQ,2022-07-11T20:50:24Z,PT9S,359,16
536,Microbiology,2022-07-12 12:58:07.815944,Functions of Operating System in Hindi/‡§ë‡§™‡§∞‡•á‡§ü‡§ø‡§Ç‡§ó ‡§∏‡§ø‡§∏‡•ç‡§ü‡§Æ ‡§ï‡•á ‡§ï‡§æ‡§∞‡•ç‡§Ø‡•§,a3Tw-DnNWdY,2022-07-11T17:46:02Z,PT7M29S,13,2
537,Microbiology,2022-07-12 12:58:07.815946,The place of Linux as Operating System | he Future of Linux:,0UbEz1TyuTE,2022-07-04T20:00:01Z,PT8M8S,8,0
538,Microbiology,2022-07-12 12:58:07.815947,BCom I Year II Sem | CFOS II | Unit 2 Operating System Advance | SGBAU | Kedia Commerce Classes | L2,_qoQcgkfWTM,2022-07-06T05:15:13Z,PT15M40S,179,5
539,Microbiology,2022-07-12 12:58:07.815948,operating system Tech talk presentation,sZPFTsLsQPw,2022-07-10T10:12:54Z,PT8M36S,1,1
540,Microbiology,2022-07-12 12:58:07.815950,"#1.4.EPC3~ Installation of Operating System Windows Installation,B.Ed Practicum(Sem-4),anko chorcha",9VBoJN4fvA4,2022-07-07T13:30:11Z,PT4M7S,267,11
541,Microbiology,2022-07-12 12:58:07.815951,Operating System II Unit-01 : MCQ II Objective Questions II,-DEhS6SalJk,2022-07-05T03:23:17Z,PT45M32S,196,14
542,Microbiology,2022-07-12 12:58:07.815952,Drives are not visible in Windows operating system #Fix #DYI #Educational #Windows #Drives,BxD8sTJW3kE,2022-07-09T20:15:12Z,PT4M21S,7,1
543,Microbiology,2022-07-12 12:58:07.815954,your operating system is your subconscious #chakrahealing #mindset #bossquotes #ceomindset,yMuDXTk_KgE,2022-07-10T16:24:50Z,PT21S,0,0
544,Microbiology,2022-07-12 12:58:07.815955,FIFO page replacement algorithm || Operating system in Telugu,FbHB-9uWXEo,2022-07-04T16:05:00Z,PT6M36S,282,13
545,Microbiology,2022-07-12 12:58:07.815957,MCS022 Operating System Concepts and Networking Management Last Year Question Paper | Examination,pXLXeUs6WCk,2022-07-11T14:16:24Z,PT40S,4,0
546,Microbiology,2022-07-12 12:58:07.815958,Page replacement algorithm introduction|| why page replacement algorithm||operating system in Telugu,erKcqaLcDpg,2022-07-04T11:45:02Z,PT8M46S,234,14
547,Microbiology,2022-07-12 12:58:07.815960,BCom I Year II Sem | CFOS II | Unit 1 Operating System | SGBAU | Kedia Commerce Classes | Lecture 4,onRHGQKKCB8,2022-07-06T03:45:12Z,PT41M28S,121,2
548,Microbiology,2022-07-12 12:58:07.815962,Operating System Past Paper MCQs for Computer Operator IData Entry Operator | Keypunch Operator P-16,VSdLBwDXlGg,2022-07-11T11:38:06Z,PT4M9S,22,6
549,Microbiology,2022-07-12 12:58:07.815963,Operating System  MCQ&#39;s | Test your knowledge | Basics | CDAC exam | CCAT Prep,Fk4GvyInVzA,2022-07-09T05:30:02Z,PT9M,1212,58
